employee,companyAlias,numVotes,lastParticipationDate,timezone,stillExists,deletedOn
l8,C1,285,3/8/19 1:03,Europe/Madrid,TRUE,null
Xv,C1,143,4/21/18 2:04,Europe/Berlin,TRUE,null
w7,C1,381,3/11/19 1:03,Europe/Madrid,TRUE,null
jE,C1,173,3/1/19 1:03,Europe/Madrid,TRUE,null
QP,C1,312,3/8/19 1:03,Europe/Berlin,TRUE,null
4m,C1,71,2/11/19 1:02,Europe/Madrid,TRUE,null
ZB,C1,158,3/9/19 1:03,Europe/Madrid,TRUE,null
zDG,C1,374,3/7/19 1:03,Europe/Madrid,TRUE,null
oLq,C1,406,3/11/19 1:03,Europe/Berlin,TRUE,null
E9y,C1,496,3/8/19 1:03,Europe/Madrid,TRUE,null
dNx,C1,637,3/10/19 1:03,Europe/Madrid,TRUE,null
vBB,C1,265,3/8/19 1:03,Europe/Madrid,TRUE,null
1YL,C1,312,3/10/19 1:03,Europe/Madrid,TRUE,null
rGX,C1,10,11/29/18 1:11,Europe/Madrid,TRUE,null
yRA,C1,321,3/9/19 1:03,Europe/Madrid,TRUE,null
mWP,C1,352,3/11/19 1:03,Europe/Madrid,TRUE,null
dK2,C1,133,12/21/18 1:12,Europe/Madrid,TRUE,null
2V2,C1,151,3/10/19 1:03,Europe/Madrid,TRUE,null
MxQ,C1,64,3/11/19 1:03,Europe/Madrid,TRUE,null
1Bl,C1,13,2/19/19 1:02,Europe/Madrid,TRUE,null
KN5,C1,45,3/10/19 1:03,Europe/Madrid,TRUE,null
olw,C1,7,3/8/19 1:03,Europe/Madrid,TRUE,null
6K,C1,233,3/11/19 1:03,Europe/Madrid,TRUE,null
xG,C1,593,3/11/19 1:03,Europe/Madrid,TRUE,null
My,C1,338,3/11/19 1:03,Europe/Berlin,TRUE,null
ba,C1,482,3/11/19 1:03,Europe/Madrid,TRUE,null
mw,C1,459,3/11/19 1:03,Europe/Madrid,TRUE,null
A2,C1,371,3/9/19 1:03,Europe/Madrid,TRUE,null
71,C1,30,3/3/19 1:03,Europe/Madrid,TRUE,null
rE,C1,43,2/1/19 1:02,Europe/Madrid,TRUE,null
N3,C1,218,3/5/19 1:03,Europe/Madrid,TRUE,null
3WW,C1,376,3/11/19 1:03,Europe/Madrid,TRUE,null
DaW,C1,444,3/10/19 1:03,Europe/Madrid,TRUE,null
ONv,C1,284,3/7/19 1:03,Europe/Madrid,TRUE,null
ww7,C1,599,3/11/19 1:03,Europe/Madrid,TRUE,null
MYy,C1,25,10/24/18 2:10,Europe/Madrid,TRUE,null
3EW,C1,565,3/10/19 1:03,Europe/Madrid,TRUE,null
6qK,C1,545,3/11/19 1:03,Europe/Berlin,TRUE,null
DgY,C1,544,3/11/19 1:03,Europe/Madrid,TRUE,null
W73,C1,597,3/11/19 1:03,Europe/Madrid,TRUE,null
QWO,C1,659,3/11/19 1:03,Europe/Madrid,TRUE,null
b4J,C1,64,3/11/19 1:03,Europe/Madrid,TRUE,null
Kbx,C1,52,5/16/18 2:05,Europe/Berlin,TRUE,null
NDl,C1,2,11/17/17 1:11,Europe/Madrid,TRUE,null
VbR,C1,137,3/5/19 1:03,Europe/Madrid,TRUE,null
9Mv,C1,636,3/11/19 1:03,Europe/Madrid,TRUE,null
1EY,C1,303,3/9/19 1:03,Europe/Madrid,TRUE,null
qod,C1,319,3/11/19 1:03,Europe/Madrid,TRUE,null
92v,C1,382,3/11/19 1:03,Europe/Madrid,TRUE,null
lom,C1,326,3/5/19 1:03,Europe/Madrid,TRUE,null
moE,C1,407,3/10/19 1:03,Europe/Madrid,TRUE,null
zyx,C1,6,12/28/18 1:12,Europe/Madrid,TRUE,null
242,C1,189,3/11/19 1:03,Europe/Madrid,TRUE,null
XAz,C1,310,1/6/19 1:01,Europe/Madrid,TRUE,null
vzN,C1,160,3/9/19 1:03,Europe/Madrid,TRUE,null
XL9,C1,42,3/9/19 1:03,Europe/Madrid,TRUE,null
jbW,C1,70,3/10/19 1:03,Europe/Madrid,TRUE,null
vV,C1,464,3/10/19 1:03,Europe/Madrid,TRUE,null
oq,C1,376,3/10/19 1:03,Europe/Madrid,TRUE,null
Gl,C1,495,3/11/19 1:03,Europe/Madrid,TRUE,null
BQ,C1,490,3/10/19 1:03,Europe/Berlin,TRUE,null
Jl,C1,467,3/10/19 1:03,Europe/Madrid,TRUE,null
8b,C1,337,3/6/19 1:03,Europe/Madrid,TRUE,null
5R,C1,458,3/10/19 1:03,Europe/Madrid,TRUE,null
ygK,C1,395,3/10/19 1:03,Europe/Madrid,TRUE,null
gA6,C1,223,3/7/19 1:03,Europe/Madrid,TRUE,null
9o2,C1,315,3/10/19 1:03,Europe/Madrid,TRUE,null
2ER,C1,560,3/11/19 1:03,Europe/Madrid,TRUE,null
6XK,C1,399,3/11/19 1:03,Europe/Madrid,TRUE,null
Gyl,C1,286,3/11/19 1:03,Europe/Madrid,TRUE,null
19Q,C1,434,3/10/19 1:03,Europe/Madrid,TRUE,null
L2N,C1,364,3/10/19 1:03,Europe/Madrid,TRUE,null
NY3,C1,461,3/11/19 1:03,Europe/Madrid,TRUE,null
6qL,C1,582,3/11/19 1:03,Europe/Madrid,TRUE,null
1oG,C1,436,3/11/19 1:03,Europe/Madrid,TRUE,null
qLg,C1,588,3/11/19 1:03,Europe/Madrid,TRUE,null
yKX,C1,126,2/21/19 1:02,Europe/Madrid,TRUE,null
55Z,C1,2,6/22/17 2:06,Europe/Madrid,TRUE,null
ZPO,C1,471,3/11/19 1:03,Europe/Madrid,TRUE,null
RQM,C1,630,3/10/19 1:03,Europe/Madrid,TRUE,null
9MP,C1,92,3/11/19 1:03,Europe/Madrid,TRUE,null
YAm,C1,394,3/9/19 1:03,Europe/Madrid,TRUE,null
DbY,C1,310,3/11/19 1:03,Europe/Madrid,TRUE,null
y4x,C1,308,3/6/19 1:03,Europe/Madrid,TRUE,null
N7V,C1,168,3/4/19 1:03,Europe/Madrid,TRUE,null
BXy,C1,339,3/10/19 1:03,Europe/Madrid,TRUE,null
wKe,C1,164,3/9/19 1:03,Europe/Madrid,TRUE,null
jDY,C1,10,3/2/19 1:03,Europe/Madrid,TRUE,null
JD1,C1,179,6/30/18 2:06,Europe/Madrid,TRUE,null
QVq,C1,617,3/11/19 1:03,Europe/Madrid,TRUE,null
g1d,C1,659,3/11/19 1:03,Europe/Madrid,TRUE,null
J93,C1,359,3/9/19 1:03,Europe/Madrid,TRUE,null
13L,C1,403,3/10/19 1:03,Europe/Berlin,TRUE,null
qXe,C1,440,3/8/19 1:03,Europe/Madrid,TRUE,null
aay,C1,234,3/9/19 1:03,Europe/Madrid,TRUE,null
R4o,C1,461,3/10/19 1:03,Europe/Madrid,TRUE,null
qGe,C1,418,3/11/19 1:03,Europe/Madrid,TRUE,null
z4B,C1,378,3/10/19 1:03,Europe/Madrid,TRUE,null
lWr,C1,240,3/10/19 1:03,Europe/Madrid,TRUE,null
x31,C1,169,3/6/19 1:03,Europe/Madrid,TRUE,null
QbZ,C1,303,3/8/19 1:03,Europe/Madrid,TRUE,null
NzY,C1,15,3/8/19 1:03,Europe/Madrid,TRUE,null
YxL,C1,227,3/11/19 1:03,Europe/Madrid,TRUE,null
QYZ,C1,170,3/7/19 1:03,Europe/Madrid,TRUE,null
17r,C1,165,3/9/19 1:03,Europe/Madrid,TRUE,null
bzG,C1,234,3/10/19 1:03,Europe/Madrid,TRUE,null
77A,C1,234,3/11/19 1:03,Africa/Ceuta,TRUE,null
rRW,C1,25,8/28/18 2:08,Europe/Madrid,TRUE,null
ZoN,C1,184,3/10/19 1:03,Europe/Madrid,TRUE,null
y3A,C1,140,3/9/19 1:03,Europe/Madrid,TRUE,null
gbw,C1,157,3/10/19 1:03,Europe/Madrid,TRUE,null
9Ke,C1,49,3/5/19 1:03,Europe/Madrid,TRUE,null
zRx,C1,46,3/4/19 1:03,Europe/Madrid,TRUE,null
222,C1,124,3/10/19 1:03,Europe/Madrid,TRUE,null
6BQ,C1,30,3/11/19 1:03,Europe/Madrid,TRUE,null
lN5,C1,164,3/11/19 1:03,Europe/Madrid,TRUE,null
JNy,C1,48,3/11/19 1:03,Europe/Madrid,TRUE,null
8VK,C1,4,3/6/19 1:03,Europe/Madrid,TRUE,null
3B7,C1,46,3/11/19 1:03,Europe/Madrid,TRUE,null
GEG,C1,36,3/10/19 1:03,Europe/Madrid,TRUE,null
wxP,C1,17,3/8/19 1:03,Europe/Madrid,TRUE,null
J4y,C1,28,3/10/19 1:03,Europe/Madrid,TRUE,null
AER,C1,1,3/10/19 1:03,Europe/Madrid,TRUE,null
yK,C1,229,3/10/19 1:03,Europe/Madrid,TRUE,null
g6,C1,544,3/10/19 1:03,Europe/Madrid,TRUE,null
92,C1,193,3/11/19 1:03,Europe/Madrid,TRUE,null
2R,C1,450,3/10/19 1:03,Europe/Madrid,TRUE,null
Y4,C1,60,12/9/18 1:12,Europe/Madrid,TRUE,null
DW,C1,302,3/11/19 1:03,Europe/Madrid,TRUE,null
Ov,C1,203,3/6/19 1:03,Europe/Madrid,TRUE,null
V6,C1,234,3/10/19 1:03,Europe/Madrid,TRUE,null
Ey,C1,646,3/11/19 1:03,Europe/Madrid,TRUE,null
LN,C1,141,3/9/19 1:03,Europe/Madrid,TRUE,null
dx,C1,651,3/10/19 1:03,Europe/Madrid,TRUE,null
YQ4,C1,492,3/11/19 1:03,Europe/Madrid,TRUE,null
WNG,C1,105,3/2/19 1:03,Europe/Madrid,TRUE,null
lL8,C1,384,3/9/19 1:03,Europe/Madrid,TRUE,null
JOl,C1,572,3/8/19 1:03,Europe/Madrid,TRUE,null
8Mb,C1,424,3/11/19 1:03,Europe/Madrid,TRUE,null
4Vm,C1,551,3/9/19 1:03,Europe/Madrid,TRUE,null
bwa,C1,184,3/11/19 1:03,Europe/Madrid,TRUE,null
5ER,C1,593,3/10/19 1:03,Europe/Madrid,TRUE,null
AA2,C1,157,1/25/19 1:01,Europe/Madrid,TRUE,null
Kd9,C1,595,3/10/19 1:03,Europe/Madrid,TRUE,null
7o1,C1,363,3/9/19 1:03,Europe/Madrid,TRUE,null
PqB,C1,567,3/10/19 1:03,Europe/Madrid,TRUE,null
qKO,C1,219,3/9/19 1:03,Europe/Madrid,TRUE,null
aKP,C1,103,12/17/18 1:12,Europe/Madrid,TRUE,null
RWW,C1,379,3/10/19 1:03,Europe/Berlin,TRUE,null
gJ6,C1,2,9/4/17 2:09,Europe/Berlin,TRUE,null
2wR,C1,246,3/9/19 1:03,Europe/Madrid,TRUE,null
YX4,C1,497,3/11/19 1:03,Europe/Madrid,TRUE,null
Owv,C1,205,3/9/19 1:03,Europe/Madrid,TRUE,null
aK2,C1,272,3/9/19 1:03,Europe/Madrid,TRUE,null
3ER,C1,555,3/10/19 1:03,Europe/Madrid,TRUE,null
RWM,C1,153,3/8/19 1:03,Europe/Madrid,TRUE,null
gJK,C1,308,3/10/19 1:03,Europe/Madrid,TRUE,null
95P,C1,390,3/9/19 1:03,Europe/Madrid,TRUE,null
zKQ,C1,186,3/10/19 1:03,Europe/Madrid,TRUE,null
2wx,C1,405,3/1/19 1:03,Europe/Madrid,TRUE,null
Ow4,C1,343,3/9/19 1:03,Europe/Madrid,TRUE,null
VwR,C1,551,3/11/19 1:03,Europe/Madrid,TRUE,null
vqo,C1,191,3/31/18 2:03,Europe/Madrid,TRUE,null
Gbm,C1,394,3/11/19 1:03,Europe/Madrid,TRUE,null
B5N,C1,128,2/25/19 1:02,Europe/Madrid,TRUE,null
xmd,C1,561,3/11/19 1:03,Europe/Madrid,TRUE,null
ErW,C1,666,3/11/19 1:03,Europe/Madrid,TRUE,null
JAX,C1,256,3/9/19 1:03,Europe/Madrid,TRUE,null
8wL,C1,479,3/6/19 1:03,Europe/Madrid,TRUE,null
L1Z,C1,434,3/7/19 1:03,Europe/Madrid,TRUE,null
4qe,C1,142,3/5/19 1:03,Europe/Madrid,TRUE,null
e7j,C1,430,3/11/19 1:03,Europe/Madrid,TRUE,null
mdb,C1,652,3/11/19 1:03,Europe/Madrid,TRUE,null
dAA,C1,411,3/11/19 1:03,Europe/Madrid,TRUE,null
AvX,C1,167,2/13/19 1:02,Europe/Madrid,TRUE,null
7ZO,C1,563,3/10/19 1:03,Europe/Madrid,TRUE,null
rrB,C1,329,3/8/19 1:03,Europe/Madrid,TRUE,null
ZbO,C1,261,3/8/19 1:03,Europe/Madrid,TRUE,null
aN2,C1,200,3/8/19 1:03,Europe/Madrid,TRUE,null
3OR,C1,122,2/28/19 1:02,Europe/Madrid,TRUE,null
RAM,C1,401,3/11/19 1:03,Europe/Madrid,TRUE,null
g2K,C1,370,3/11/19 1:03,Europe/Madrid,TRUE,null
2zx,C1,270,3/10/19 1:03,Europe/Madrid,TRUE,null
6lL,C1,194,2/22/19 1:02,Europe/Madrid,TRUE,null
YDm,C1,550,3/11/19 1:03,Europe/Madrid,TRUE,null
DNY,C1,236,3/6/19 1:03,Europe/Madrid,TRUE,null
OX4,C1,32,11/10/17 1:11,Europe/Madrid,TRUE,null
WB3,C1,458,3/11/19 1:03,Europe/Madrid,TRUE,null
lOx,C1,252,3/9/19 1:03,Europe/Madrid,TRUE,null
v3o,C1,1,6/15/17 2:06,Europe/Berlin,TRUE,null
XXd,C1,201,3/5/19 1:03,Europe/Madrid,TRUE,null
oKO,C1,526,3/9/19 1:03,Europe/Berlin,TRUE,null
G2m,C1,230,3/10/19 1:03,Europe/Madrid,TRUE,null
B1N,C1,270,3/11/19 1:03,Europe/Madrid,TRUE,null
ELW,C1,98,3/6/19 1:03,Europe/Madrid,TRUE,null
wR5,C1,507,3/10/19 1:03,Europe/Madrid,TRUE,null
jY8,C1,505,3/10/19 1:03,Africa/Ceuta,TRUE,null
JzX,C1,200,3/10/19 1:03,Europe/Madrid,TRUE,null
8zL,C1,68,2/12/19 1:02,Europe/Madrid,TRUE,null
1OG,C1,245,3/11/19 1:03,Europe/Berlin,TRUE,null
LrZ,C1,617,3/11/19 1:03,Europe/Madrid,TRUE,null
4le,C1,540,3/10/19 1:03,Europe/Madrid,TRUE,null
dwA,C1,132,2/21/19 1:02,Europe/Madrid,TRUE,null
AXX,C1,66,2/4/19 1:02,Europe/Madrid,TRUE,null
KAx,C1,389,3/11/19 1:03,Europe/Madrid,TRUE,null
79O,C1,428,3/9/19 1:03,Europe/Madrid,TRUE,null
rNB,C1,623,3/10/19 1:03,Europe/Madrid,TRUE,null
NAl,C1,487,3/11/19 1:03,Europe/Madrid,TRUE,null
Po6,C1,305,3/4/19 1:03,Europe/Madrid,TRUE,null
qbg,C1,391,3/10/19 1:03,Europe/Madrid,TRUE,null
aJ2,C1,53,9/24/17 2:09,Europe/Madrid,TRUE,null
y4X,C1,198,3/8/19 1:03,Europe/Madrid,TRUE,null
g6K,C1,72,3/6/19 1:03,Africa/Ceuta,TRUE,null
6AL,C1,451,3/11/19 1:03,Europe/Madrid,TRUE,null
aJW,C1,507,3/11/19 1:03,Europe/Madrid,TRUE,null
g6d,C1,120,3/11/19 1:03,Europe/Madrid,TRUE,null
2DN,C1,296,3/8/19 1:03,Europe/Madrid,TRUE,null
YAa,C1,236,3/11/19 1:03,Europe/Madrid,TRUE,null
Vl1,C1,508,3/11/19 1:03,Europe/Madrid,TRUE,null
lZP,C1,300,3/11/19 1:03,Europe/Berlin,TRUE,null
XBo,C1,28,9/6/18 2:09,Europe/Berlin,TRUE,null
oAm,C1,270,3/11/19 1:03,Europe/Madrid,TRUE,null
G6D,C1,126,10/20/18 2:10,Europe/Madrid,TRUE,null
BAy,C1,209,3/8/19 1:03,Europe/Madrid,TRUE,null
xE4,C1,671,3/11/19 1:03,Europe/Madrid,TRUE,null
wme,C1,422,3/11/19 1:03,Europe/Madrid,TRUE,null
jXY,C1,545,3/11/19 1:03,Europe/Madrid,TRUE,null
8WE,C1,132,3/4/19 1:03,Europe/Madrid,TRUE,null
4R1,C1,244,3/10/19 1:03,Europe/Madrid,TRUE,null
5yB,C1,463,3/11/19 1:03,Europe/Madrid,TRUE,null
eLM,C1,28,2/19/19 1:02,Europe/Madrid,TRUE,null
mGe,C1,299,3/4/19 1:03,Europe/Madrid,TRUE,null
dZY,C1,124,3/2/19 1:03,Europe/Madrid,TRUE,null
AeM,C1,249,3/7/19 1:03,Europe/Madrid,TRUE,null
72j,C1,509,3/10/19 1:03,Europe/Madrid,TRUE,null
r5v,C1,111,2/7/19 1:02,Europe/Madrid,TRUE,null
ZJq,C1,629,3/11/19 1:03,Europe/Madrid,TRUE,null
PQE,C1,363,3/10/19 1:03,Europe/Madrid,TRUE,null
338,C1,263,3/9/19 1:03,Europe/Madrid,TRUE,null
zMY,C1,578,3/11/19 1:03,Europe/Madrid,TRUE,null
Dwv,C1,20,3/5/19 1:03,Europe/Madrid,TRUE,null
Wjo,C1,111,3/5/19 1:03,Europe/Madrid,TRUE,null
v5Q,C1,334,3/9/19 1:03,Europe/Madrid,TRUE,null
odm,C1,44,2/6/19 1:02,Europe/Madrid,TRUE,null
E19,C1,41,3/8/19 1:03,Europe/Madrid,TRUE,null
1ZY,C1,105,10/15/18 2:10,Europe/Berlin,TRUE,null
bRb,C1,285,3/5/19 1:03,Europe/Madrid,TRUE,null
m4e,C1,474,3/9/19 1:03,Europe/Madrid,TRUE,null
AKM,C1,443,3/11/19 1:03,Europe/Madrid,TRUE,null
rLv,C1,431,3/9/19 1:03,Europe/Madrid,TRUE,null
yOx,C1,125,3/8/19 1:03,Europe/Madrid,TRUE,null
zGY,C1,629,3/9/19 1:03,Europe/Madrid,TRUE,null
6Oy,C1,465,3/11/19 1:03,Europe/Madrid,TRUE,null
Y7a,C1,29,10/8/17 2:10,Europe/Berlin,TRUE,null
Dev,C1,428,3/11/19 1:03,Europe/Berlin,TRUE,null
Obm,C1,666,3/11/19 1:03,Europe/Madrid,TRUE,null
zGB,C1,66,1/31/19 1:01,Europe/Madrid,TRUE,null
2Gl,C1,470,3/10/19 1:03,Europe/Madrid,TRUE,null
6zD,C1,409,3/10/19 1:03,Europe/Madrid,TRUE,null
WAj,C1,362,3/8/19 1:03,Europe/Madrid,TRUE,null
GRA,C1,629,3/11/19 1:03,Africa/Ceuta,TRUE,null
xrK,C1,7,null,Europe/Berlin,TRUE,null
Eax,C1,425,3/5/19 1:03,Europe/Madrid,TRUE,null
wLy,C1,553,3/11/19 1:03,Europe/Madrid,TRUE,null
M71,C1,2,6/22/18 2:06,Europe/Madrid,TRUE,null
L7D,C1,7,3/15/18 1:03,Europe/Madrid,TRUE,null
4gv,C1,0,null,Europe/Madrid,TRUE,null
dy8,C1,499,3/11/19 1:03,Europe/Madrid,TRUE,null
rBX,C1,218,3/9/19 1:03,Europe/Madrid,TRUE,null
ZV2,C1,522,3/11/19 1:03,Europe/Madrid,TRUE,null
Nbw,C1,147,12/5/18 1:12,Europe/Madrid,TRUE,null
POM,C1,487,3/10/19 1:03,Africa/Ceuta,TRUE,null
3yG,C1,412,3/10/19 1:03,Europe/Madrid,TRUE,null
9WE,C1,148,3/5/19 1:03,Europe/Madrid,TRUE,null
D9g,C1,33,3/8/19 1:03,Europe/Madrid,TRUE,null
OaX,C1,196,3/5/19 1:03,Europe/Berlin,TRUE,null
GLA,C1,540,3/10/19 1:03,Europe/Madrid,TRUE,null
Bq7,C1,347,3/11/19 1:03,Europe/Madrid,TRUE,null
wYy,C1,287,3/9/19 1:03,Europe/Madrid,TRUE,null
83P,C1,260,3/8/19 1:03,Africa/Ceuta,TRUE,null
ML1,C1,215,3/11/19 1:03,Europe/Madrid,TRUE,null
LLD,C1,257,3/9/19 1:03,Europe/Madrid,TRUE,null
byW,C1,2,7/16/18 2:07,Europe/Madrid,TRUE,null
ezv,C1,306,3/5/19 1:03,Europe/Berlin,TRUE,null
P3M,C1,472,3/11/19 1:03,Europe/Madrid,TRUE,null
2Xl,C1,160,3/7/19 1:03,Europe/Madrid,TRUE,null
Y4Q,C1,216,3/4/19 1:03,Europe/Madrid,TRUE,null
aQJ,C1,139,9/14/18 2:09,Europe/Madrid,TRUE,null
343,C1,1,12/12/17 1:12,Europe/Madrid,TRUE,null
Rl7,C1,76,3/8/19 1:03,Europe/Madrid,TRUE,null
Y4L,C1,292,3/11/19 1:03,Europe/Madrid,TRUE,null
O7y,C1,219,3/11/19 1:03,Europe/Madrid,TRUE,null
GXV,C1,225,3/11/19 1:03,Europe/Madrid,TRUE,null
EKP,C1,377,3/11/19 1:03,Europe/Madrid,TRUE,null
wa9,C1,272,3/10/19 1:03,Europe/Madrid,TRUE,null
JJw,C1,95,3/7/19 1:03,Europe/Madrid,TRUE,null
4MP,C1,233,3/11/19 1:03,Europe/Madrid,TRUE,null
bjG,C1,345,3/11/19 1:03,Europe/Madrid,TRUE,null
5Mb,C1,88,2/28/19 1:02,Europe/Madrid,TRUE,null
Aom,C1,208,3/7/19 1:03,Europe/Madrid,TRUE,null
K5r,C1,176,3/11/19 1:03,Europe/Madrid,TRUE,null
ZKN,C1,252,3/10/19 1:03,Europe/Madrid,TRUE,null
q3L,C1,118,3/10/19 1:03,Europe/Madrid,TRUE,null
a9J,C1,273,3/10/19 1:03,Europe/Madrid,TRUE,null
3K3,C1,49,3/11/19 1:03,Europe/Madrid,TRUE,null
Rj7,C1,295,3/11/19 1:03,Europe/Madrid,TRUE,null
gNw,C1,2,5/18/18 2:05,Europe/Madrid,TRUE,null
zxx,C1,48,3/11/19 1:03,Europe/Madrid,TRUE,null
DWJ,C1,80,3/7/19 1:03,Europe/Madrid,TRUE,null
V7W,C1,220,3/8/19 1:03,Europe/Madrid,TRUE,null
Xxz,C1,40,3/5/19 1:03,Europe/Madrid,TRUE,null
oB8,C1,211,3/11/19 1:03,Europe/Madrid,TRUE,null
w29,C1,156,3/8/19 1:03,Europe/Madrid,TRUE,null
jK9,C1,117,3/7/19 1:03,Europe/Madrid,TRUE,null
81A,C1,216,3/11/19 1:03,Europe/Madrid,TRUE,null
M9D,C1,17,2/26/19 1:02,Europe/Madrid,TRUE,null
Lgx,C1,74,3/11/19 1:03,Europe/Madrid,TRUE,null
41P,C1,197,3/9/19 1:03,Europe/Madrid,TRUE,null
51b,C1,18,2/22/19 1:02,Europe/Madrid,TRUE,null
NvY,C1,47,1/15/19 1:01,Europe/Madrid,TRUE,null
363,C1,194,3/11/19 1:03,Europe/Madrid,TRUE,null
6Br,C1,148,3/11/19 1:03,Europe/Madrid,TRUE,null
YoL,C1,121,3/11/19 1:03,Europe/Berlin,TRUE,null
Ovy,C1,165,3/10/19 1:03,Europe/Moscow,TRUE,null
aBe,C1,143,3/11/19 1:03,Europe/Madrid,TRUE,null
y3N,C1,23,12/26/18 1:12,Europe/Madrid,TRUE,null
Yoy,C1,20,3/5/19 1:03,Europe/Madrid,TRUE,null
D7z,C1,34,3/7/19 1:03,Europe/Madrid,TRUE,null
Ov9,C1,120,3/11/19 1:03,Europe/Madrid,TRUE,null
VLd,C1,171,3/11/19 1:03,Europe/Madrid,TRUE,null
G7G,C1,64,3/8/19 1:03,Europe/Madrid,TRUE,null
EZA,C1,2,11/8/18 1:11,Europe/Madrid,TRUE,null
wDP,C1,6,3/2/19 1:03,Europe/Madrid,TRUE,null
b6x,C1,15,3/7/19 1:03,Europe/Madrid,TRUE,null
5B5,C1,48,3/11/19 1:03,Europe/Madrid,TRUE,null
ml4,C1,9,1/24/19 1:01,Europe/Madrid,TRUE,null
PR4,C1,55,3/11/19 1:03,Europe/Madrid,TRUE,null
qN2,C1,50,3/11/19 1:03,Europe/Madrid,TRUE,null
a2e,C1,46,3/11/19 1:03,Europe/Madrid,TRUE,null
Rg2,C1,31,3/11/19 1:03,Europe/Madrid,TRUE,null
yLN,C1,6,3/11/19 1:03,Europe/Madrid,TRUE,null
gQ3,C1,7,3/9/19 1:03,Europe/Madrid,TRUE,null
2ZO,C1,10,3/10/19 1:03,Europe/Madrid,TRUE,null
YOy,C1,32,3/11/19 1:03,Europe/Madrid,TRUE,null
DMz,C1,32,3/11/19 1:03,Europe/Madrid,TRUE,null
V6d,C1,19,3/4/19 1:03,Europe/Madrid,TRUE,null
lA5,C1,25,3/8/19 1:03,Europe/Amsterdam,TRUE,null
vmx,C1,4,2/20/19 1:02,Europe/Madrid,TRUE,null
BZE,C1,30,3/11/19 1:03,Europe/Madrid,TRUE,null
EEA,C1,3,3/7/19 1:03,Europe/Madrid,TRUE,null
MeQ,C1,9,3/11/19 1:03,Europe/Madrid,TRUE,null
LA2,C1,3,3/9/19 1:03,Europe/Madrid,TRUE,null
bLx,C1,7,3/4/19 1:03,Europe/Madrid,TRUE,null
5g5,C1,13,3/11/19 1:03,Europe/Madrid,TRUE,null
eML,C1,9,3/8/19 1:03,Europe/Madrid,TRUE,null
dQy,C1,4,3/9/19 1:03,Europe/Madrid,TRUE,null
ZGa,C1,4,3/10/19 1:03,Europe/Madrid,TRUE,null
Nrr,C1,3,3/10/19 1:03,Europe/Madrid,TRUE,null
WG,C1,590,3/11/19 1:03,Europe/Madrid,TRUE,null
1Q,C1,48,2/13/19 1:02,Europe/Madrid,TRUE,null
PB,C1,610,3/11/19 1:03,Europe/Madrid,TRUE,null
XKv,C1,307,3/11/19 1:03,Europe/Madrid,TRUE,null
jvE,C1,602,3/10/19 1:03,Europe/Madrid,TRUE,null
6Ay,C1,9,2/26/19 1:02,Europe/Madrid,TRUE,null
7Oj,C1,470,3/7/19 1:03,Europe/Madrid,TRUE,null
R7x,C1,355,3/10/19 1:03,Europe/Berlin,TRUE,null
jea,C1,325,3/11/19 1:03,Europe/Madrid,TRUE,null
5YQ,C1,43,2/13/19 1:02,Europe/Madrid,TRUE,null
9ee,C1,120,3/4/19 1:03,Europe/Madrid,TRUE,null
Kyr,C1,271,3/11/19 1:03,Europe/Madrid,TRUE,null
R57,C1,139,3/11/19 1:03,Europe/Madrid,TRUE,null
367,C1,0,null,Europe/Madrid,TRUE,null
vYx,C1,64,3/1/19 1:03,Europe/Madrid,TRUE,null
dDy,C1,10,3/9/19 1:03,Europe/Madrid,TRUE,null
Nar,C1,48,3/11/19 1:03,Europe/Madrid,TRUE,null
RW,C1,108,9/10/17 2:09,Europe/Berlin,FALSE,9/11/17 16:09
eV,C1,6,6/4/17 2:06,Europe/Berlin,FALSE,6/5/17 18:06
K9,C1,0,null,Europe/Berlin,FALSE,6/20/18 17:06
qO,C1,232,12/8/18 1:12,Europe/Madrid,FALSE,12/11/18 8:12
RDW,C1,17,6/22/17 2:06,Europe/Berlin,FALSE,8/27/18 12:08
VP6,C1,87,12/13/17 1:12,Europe/Berlin,FALSE,1/16/18 9:01
vKV,C1,312,3/21/18 1:03,Europe/Berlin,FALSE,3/21/18 18:03
BwQ,C1,65,10/11/17 2:10,Europe/Madrid,FALSE,5/28/18 16:05
QNP,C1,2,8/2/17 2:08,Europe/Madrid,FALSE,8/13/18 10:08
ejV,C1,157,3/20/18 1:03,Europe/Madrid,FALSE,3/21/18 18:03
mBw,C1,580,1/2/19 1:01,Europe/Madrid,FALSE,1/3/19 7:01
rwE,C1,262,4/17/18 2:04,Europe/Madrid,FALSE,8/13/18 10:08
Z7B,C1,278,5/18/18 2:05,Europe/Madrid,FALSE,5/18/18 9:05
yvK,C1,297,5/8/18 2:05,Europe/Madrid,FALSE,5/8/18 17:05
zKG,C1,128,9/26/17 2:09,Europe/Madrid,FALSE,9/28/17 21:09
YXm,C1,273,5/3/18 2:05,Europe/Madrid,FALSE,5/3/18 20:05
lex,C1,240,1/23/19 1:01,Europe/Madrid,FALSE,1/24/19 14:01
jN8,C1,27,12/22/17 1:12,Europe/Berlin,FALSE,5/28/18 16:05
MNj,C1,8,7/28/17 2:07,Europe/Berlin,FALSE,2/11/19 16:02
5WZ,C1,567,3/6/19 1:03,Europe/Berlin,FALSE,3/6/19 18:03
P56,C1,439,7/23/18 2:07,Europe/Berlin,FALSE,7/23/18 13:07
x5d,C1,56,9/27/17 2:09,Europe/Berlin,FALSE,9/27/17 10:09
bxJ,C1,208,7/20/18 2:07,Europe/Madrid,FALSE,8/16/18 14:08
ewj,C1,461,8/29/18 2:08,Europe/Madrid,FALSE,8/29/18 9:08
mKb,C1,65,8/30/17 2:08,Europe/Madrid,FALSE,11/7/17 13:11
zVQ,C1,42,12/27/17 1:12,Europe/Berlin,FALSE,2/5/18 15:02
2Dx,C1,229,2/11/19 1:02,Europe/Madrid,FALSE,2/11/19 18:02
Oq4,C1,104,8/29/17 2:08,Europe/Berlin,FALSE,8/30/17 9:08
Dbv,C1,39,6/13/17 2:06,Europe/Berlin,FALSE,6/14/17 9:06
v4Q,C1,156,3/21/18 1:03,Europe/Madrid,FALSE,3/21/18 18:03
El9,C1,147,2/15/18 1:02,Europe/Madrid,FALSE,2/15/18 17:02
Qqq,C1,37,7/3/17 2:07,Europe/Berlin,FALSE,7/3/17 17:07
LWe,C1,108,2/15/18 1:02,Europe/Madrid,FALSE,2/15/18 17:02
bQb,C1,5,6/2/17 2:06,Europe/Berlin,FALSE,6/5/17 18:06
2aN,C1,215,3/21/18 1:03,Europe/Madrid,FALSE,3/21/18 18:03
6gy,C1,39,7/3/17 2:07,Europe/Berlin,FALSE,8/30/17 9:08
Yja,C1,21,6/30/17 2:06,Europe/Berlin,FALSE,7/12/17 11:07
OAm,C1,1,5/6/17 2:05,Europe/Berlin,FALSE,6/5/17 18:06
lXP,C1,56,10/11/17 2:10,Europe/Madrid,FALSE,10/16/17 14:10
X7o,C1,45,7/26/17 2:07,Europe/Berlin,FALSE,11/9/17 17:11
GrD,C1,17,7/3/17 2:07,Europe/Berlin,FALSE,7/12/17 11:07
8EE,C1,88,9/29/17 2:09,Europe/Madrid,FALSE,9/29/17 14:09
Mb7,C1,45,11/14/17 1:11,Europe/Madrid,FALSE,11/16/17 8:11
4Z1,C1,156,5/11/18 2:05,Europe/Madrid,FALSE,5/28/18 16:05
5GB,C1,115,9/27/17 2:09,Europe/Berlin,FALSE,9/27/17 10:09
e9M,C1,6,5/11/17 2:05,Europe/Madrid,FALSE,5/12/17 10:05
dgY,C1,7,5/12/17 2:05,Europe/Berlin,FALSE,5/12/17 11:05
Zwq,C1,8,5/11/17 2:05,Europe/Berlin,FALSE,5/12/17 11:05
NEV,C1,4,6/15/17 2:06,Europe/Madrid,FALSE,6/15/17 17:06
qEd,C1,14,8/4/17 2:08,Europe/Berlin,FALSE,2/5/18 15:02
9lv,C1,167,6/20/18 2:06,Europe/Madrid,FALSE,6/20/18 17:06
9lE,C1,4,9/4/17 2:09,Europe/Berlin,FALSE,5/28/18 16:05
DAg,C1,33,1/14/18 1:01,Europe/Berlin,FALSE,1/15/18 11:01
XYN,C1,111,5/31/18 2:05,Europe/Madrid,FALSE,6/27/18 10:06
oe3,C1,1,6/6/17 2:06,Europe/Berlin,FALSE,6/7/17 8:06
86P,C1,14,8/28/17 2:08,Europe/Berlin,FALSE,8/30/17 9:08
b3W,C1,21,4/10/18 2:04,Europe/Madrid,FALSE,4/11/18 15:04
egv,C1,0,null,America/Chicago,FALSE,6/9/17 18:06
ADW,C1,140,2/4/18 1:02,Europe/Berlin,FALSE,2/5/18 15:02
KzZ,C1,200,4/17/18 2:04,Europe/Madrid,FALSE,4/17/18 12:04
yA1,C1,0,null,Europe/Madrid,FALSE,7/7/17 10:07
2Rl,C1,1,null,Europe/Madrid,FALSE,10/15/18 12:10
l4m,C1,269,8/28/18 2:08,Europe/Madrid,FALSE,8/29/18 9:08
veB,C1,172,4/11/18 2:04,Europe/Madrid,FALSE,4/11/18 15:04
or3,C1,5,9/13/17 2:09,Europe/Madrid,FALSE,10/16/17 14:10
xLK,C1,44,6/5/18 2:06,Europe/Madrid,FALSE,6/6/18 22:06
Ezx,C1,162,6/27/18 2:06,Europe/Madrid,FALSE,6/27/18 8:06
jJa,C1,2,10/23/17 2:10,Europe/Madrid,FALSE,11/25/17 10:11
Jd3,C1,152,7/6/18 2:07,Europe/Madrid,FALSE,7/7/18 9:07
4ov,C1,454,3/4/19 1:03,Europe/Berlin,FALSE,3/4/19 10:03
mmE,C1,4,7/31/18 2:07,Europe/Madrid,FALSE,9/10/18 10:09
d98,C1,0,null,Europe/Madrid,FALSE,10/15/18 12:10
KLZ,C1,15,3/20/18 1:03,Europe/Berlin,FALSE,8/28/18 8:08
7am,C1,93,2/1/18 1:02,Europe/Berlin,FALSE,5/28/18 16:05
ZO2,C1,211,8/28/18 2:08,Europe/Berlin,FALSE,8/29/18 9:08
NLw,C1,37,1/13/18 1:01,Europe/Madrid,FALSE,1/15/18 11:01
3qG,C1,20,1/11/18 1:01,Europe/Madrid,FALSE,1/15/18 11:01
Ryo,C1,28,2/5/18 1:02,Europe/Madrid,FALSE,2/5/18 15:02
gw5,C1,2,12/1/17 1:12,Europe/Madrid,FALSE,6/27/18 8:06
9RE,C1,72,6/27/18 2:06,Europe/Berlin,FALSE,6/27/18 8:06
D1g,C1,0,null,America/Chicago,FALSE,11/1/17 3:11
O7X,C1,0,null,Europe/Madrid,FALSE,10/15/18 12:10
gWw,C1,131,6/25/18 2:06,Europe/Madrid,FALSE,7/3/18 15:07
D1J,C1,83,4/17/18 2:04,Europe/Madrid,FALSE,4/18/18 14:04
VmW,C1,80,5/15/18 2:05,Europe/Madrid,FALSE,5/15/18 17:05
W4E,C1,26,5/9/18 2:05,Europe/Madrid,FALSE,5/15/18 17:05
v6N,C1,15,2/11/19 1:02,Europe/Madrid,FALSE,2/11/19 18:02
o38,C1,3,5/9/18 2:05,Europe/Madrid,FALSE,10/24/18 12:10
BO8,C1,174,3/4/19 1:03,Europe/Madrid,FALSE,3/6/19 18:03
j19,C1,5,4/9/18 2:04,Europe/Madrid,FALSE,4/11/18 15:04
8eA,C1,93,3/6/19 1:03,Europe/Madrid,FALSE,3/6/19 18:03
1Ar,C1,166,3/3/19 1:03,Europe/Madrid,FALSE,3/7/19 14:03
Lex,C1,57,12/16/18 1:12,Europe/Madrid,FALSE,12/17/18 16:12
eNb,C1,1,3/13/18 1:03,Europe/Berlin,FALSE,3/13/18 21:03
yYA,C1,72,11/27/18 1:11,Europe/Madrid,FALSE,12/13/18 16:12
9qe,C1,70,7/20/18 2:07,Europe/Madrid,FALSE,7/23/18 13:07
O2y,C1,9,5/26/18 2:05,Europe/Madrid,FALSE,6/13/18 19:06
lVr,C1,11,7/25/18 2:07,Europe/Madrid,FALSE,7/27/18 14:07
GAV,C1,1,6/19/18 2:06,Europe/Madrid,FALSE,7/27/18 14:07
aBJ,C1,27,8/28/18 2:08,Europe/Madrid,FALSE,8/29/18 9:08
D7J,C1,29,11/19/18 1:11,Europe/Madrid,FALSE,11/20/18 13:11
9KA,C1,50,11/9/18 1:11,Europe/Madrid,FALSE,12/13/18 16:12
zR7,C1,42,10/26/18 2:10,Europe/Madrid,FALSE,11/20/18 13:11
B7E,C1,16,1/21/19 1:01,Europe/Madrid,FALSE,2/11/19 18:02
QJg,C1,1,11/28/18 1:11,Europe/Madrid,FALSE,1/28/19 10:01