continent,country,year,demox_eiu,income_per_person,invest_%_gdp,tax_%_gdp,gini_index
Africa,"Congo, Dem. Rep.",2006,27.6,605,14.6,6.83,42.2
Africa,"Congo, Dem. Rep.",2007,25.2,623,13.7,6.99,42.1
Africa,"Congo, Dem. Rep.",2008,22.8,640,10.9,8.97,42.1
Africa,"Congo, Dem. Rep.",2009,22.1,637,14.6,7.89,42.1
Africa,"Congo, Dem. Rep.",2010,21.5,660,28.8,8.35,42.1
Africa,"Congo, Rep.",2006,31.9,5000,21.6,5.79,47.6
Africa,"Congo, Rep.",2007,30.6,4760,21.8,6.6,47.9
Africa,"Congo, Rep.",2008,29.4,4850,18.3,5.95,48.1
Africa,"Congo, Rep.",2009,29.1,5050,22.5,8.4,48.4
Africa,"Congo, Rep.",2010,28.9,5320,20.5,7.6,48.6
Africa,"Congo, Rep.",2011,28.9,5350,25.3,8.86,48.8
Africa,"Congo, Rep.",2012,28.9,5420,26.0,9.43,48.9
Africa,Algeria,2006,31.7,12400,30.2,40.8,30.3
Africa,Algeria,2007,32.5,12600,34.5,37.4,29.9
Africa,Algeria,2008,33.2,12700,37.3,45.3,29.4
Africa,Algeria,2009,33.8,12700,46.9,35.1,29.0
Africa,Algeria,2010,34.4,12900,41.4,34.4,28.5
Africa,Algeria,2011,34.4,13000,38.1,37.2,28.2
Africa,Angola,2006,24.1,5500,15.4,29.3,46.2
Africa,Angola,2007,28.8,6040,13.5,23.2,45.0
Africa,Angola,2008,33.5,6470,16.2,27.0,44.1
Africa,Angola,2009,33.4,6290,15.2,17.1,43.4
Africa,Angola,2010,33.2,6360,14.4,16.9,42.9
Africa,Angola,2011,33.2,6350,12.9,17.3,42.7
Africa,Angola,2012,33.5,6650,15.1,16.7,42.6
Africa,Angola,2013,33.5,6730,14.7,15.5,42.6
Africa,Angola,2014,33.5,6810,15.3,15.6,42.6
Africa,Angola,2015,33.5,6650,9.55,12.5,42.6
Africa,Angola,2016,34.0,6260,8.4,10.3,42.6
Africa,Benin,2006,61.6,1750,19.0,14.2,40.2
Africa,Benin,2007,61.1,1810,24.1,15.7,40.7
Africa,Benin,2008,60.6,1840,20.4,16.1,41.3
Africa,Benin,2009,61.1,1830,21.9,15.0,41.8
Africa,Benin,2010,61.7,1820,23.1,15.5,42.4
Africa,Benin,2011,60.6,1820,24.1,14.8,43.1
Africa,Benin,2012,60.0,1860,22.6,14.4,44.0
Africa,Benin,2013,58.7,1940,27.8,15.4,45.1
Africa,Botswana,2006,76.0,12400,25.9,26.9,62.9
Africa,Botswana,2007,75.3,13200,30.8,25.7,62.3
Africa,Botswana,2008,74.7,13700,36.2,27.4,61.7
Africa,Botswana,2009,75.5,12400,38.9,27.3,61.2
Africa,Botswana,2010,76.3,13200,41.4,23.6,60.8
Africa,Botswana,2011,76.3,13800,37.8,23.2,60.6
Africa,Botswana,2012,78.5,14300,38.1,26.6,60.5
Africa,Botswana,2013,79.8,15700,29.4,25.6,60.5
Africa,Botswana,2014,78.7,16200,27.9,25.8,60.5
Africa,Botswana,2015,78.7,15700,32.1,24.7,60.5
Africa,Botswana,2016,78.7,16000,24.3,20.8,60.5
Africa,Burkina Faso,2006,37.2,1310,20.7,12.1,41.5
Africa,Burkina Faso,2007,36.6,1340,22.2,12.7,40.9
Africa,Burkina Faso,2008,36.0,1390,25.4,11.9,40.3
Africa,Burkina Faso,2009,36.0,1390,24.9,12.5,39.6
Africa,Burkina Faso,2010,35.9,1420,26.9,12.7,38.8
Africa,Burkina Faso,2011,35.9,1470,28.0,13.7,38.0
Africa,Burkina Faso,2012,35.2,1520,32.5,15.6,37.1
Africa,Burkina Faso,2013,41.5,1560,32.5,16.8,36.4
Africa,Burkina Faso,2014,40.9,1580,25.9,15.4,35.8
Africa,Burkina Faso,2015,47.0,1600,24.3,15.1,35.5
Africa,Burkina Faso,2016,47.0,1640,23.2,15.8,35.3
Africa,Burundi,2010,40.1,734,30.5,13.9,36.0
Africa,Burundi,2011,40.1,739,27.6,14.7,36.6
Africa,Burundi,2012,36.0,748,28.4,13.7,37.3
Africa,Burundi,2013,34.1,761,28.7,12.2,37.8
Africa,Cape Verde,2007,76.2,5770,49.8,20.9,48.3
Africa,Cape Verde,2008,78.1,6080,48.5,21.3,47.7
Africa,Cape Verde,2009,78.8,5930,43.8,18.4,47.4
Africa,Cape Verde,2012,79.2,6090,37.2,17.9,47.2
Africa,Central African Republic,2008,18.6,888,12.7,9.06,54.7
Africa,Central African Republic,2009,18.4,950,13.2,9.17,55.7
Africa,Central African Republic,2010,18.2,982,14.3,10.1,56.2
Africa,Central African Republic,2011,18.2,1020,15.0,9.29,56.2
Africa,Cote d'Ivoire,2006,33.8,2660,10.6,14.7,42.6
Africa,Cote d'Ivoire,2007,33.3,2650,12.7,15.1,42.8
Africa,Cote d'Ivoire,2008,32.7,2660,12.1,15.1,42.8
Africa,Cote d'Ivoire,2009,31.4,2680,8.7,14.6,42.8
Africa,Cote d'Ivoire,2010,30.2,2670,13.4,14.3,42.7
Africa,Cote d'Ivoire,2011,30.8,2500,4.7,10.9,42.4
Africa,Cote d'Ivoire,2012,32.5,2700,15.1,14.3,42.2
Africa,Cote d'Ivoire,2013,32.5,2860,20.7,14.5,42.0
Africa,Cote d'Ivoire,2014,35.3,3040,19.8,14.0,41.8
Africa,Cote d'Ivoire,2015,33.1,3230,20.1,15.4,41.6
Africa,Cote d'Ivoire,2016,38.1,3400,20.7,15.2,41.5
Africa,Egypt,2006,39.0,8540,18.7,15.8,31.7
Africa,Egypt,2007,39.0,8990,20.9,15.3,31.5
Africa,Egypt,2008,38.9,9460,22.4,15.3,31.4
Africa,Egypt,2009,34.8,9720,19.2,15.7,31.3
Africa,Egypt,2010,30.7,10000,19.5,14.1,31.2
Africa,Egypt,2011,39.5,9980,17.1,14.0,30.9
Africa,Egypt,2012,45.6,9980,16.0,12.4,30.8
Africa,Egypt,2013,32.7,9970,14.2,13.5,30.9
Africa,Egypt,2014,31.6,10000,13.6,12.2,31.0
Africa,Egypt,2015,31.8,10200,14.3,12.5,31.2
Africa,Equatorial Guinea,2006,20.9,32600,26.5,9.67,40.0
Africa,Equatorial Guinea,2007,21.4,35900,29.6,7.55,40.0
Africa,Equatorial Guinea,2008,21.9,40400,27.5,7.79,40.0
Africa,Equatorial Guinea,2009,20.1,39100,39.4,12.8,40.0
Africa,Equatorial Guinea,2010,18.4,34000,38.1,7.59,40.0
Africa,Equatorial Guinea,2011,17.7,34600,32.0,7.02,40.0
Africa,Equatorial Guinea,2012,18.3,35900,41.1,8.74,40.0
Africa,Equatorial Guinea,2013,17.7,33000,30.3,8.52,40.0
Africa,Equatorial Guinea,2014,16.6,31700,28.7,8.3,40.0
Africa,Equatorial Guinea,2015,17.7,27700,24.7,11.5,40.0
Africa,Ethiopia,2006,47.2,794,0.0,8.26,30.5
Africa,Ethiopia,2007,46.2,860,0.0,7.81,30.9
Africa,Ethiopia,2008,45.2,928,0.0,7.81,31.5
Africa,Ethiopia,2009,41.0,982,0.0,6.58,32.1
Africa,Ethiopia,2010,36.8,1080,0.0,8.16,32.7
Africa,Ethiopia,2011,37.9,1160,32.1,9.21,33.5
Africa,Ethiopia,2012,37.2,1230,37.1,9.38,34.5
Africa,Ethiopia,2013,38.3,1320,34.1,8.76,35.5
Africa,Gambia,2006,43.9,1410,24.3,7.98,46.3
Africa,Gambia,2007,42.9,1420,19.1,13.0,45.7
Africa,Gambia,2008,41.9,1450,15.9,14.7,45.2
Africa,Gambia,2009,37.9,1500,19.6,15.1,44.6
Africa,Ghana,2010,60.2,3030,13.1,13.7,42.5
Africa,Kenya,2014,51.3,2710,22.4,16.9,41.9
Africa,Kenya,2015,53.3,2800,21.5,16.3,41.5
Africa,Kenya,2016,53.3,2890,17.3,15.8,41.1
Africa,Lesotho,2007,63.9,2100,22.4,49.3,53.1
Africa,Lesotho,2008,62.9,2240,25.7,51.2,53.4
Africa,Lesotho,2009,61.5,2290,27.7,58.4,53.7
Africa,Lesotho,2010,60.2,2420,28.4,37.3,54.0
Africa,Lesotho,2011,63.3,2580,22.7,34.8,54.1
Africa,Lesotho,2012,66.6,2720,32.0,48.0,54.2
Africa,Lesotho,2013,66.6,2750,29.7,45.9,54.2
Africa,Lesotho,2014,66.6,2810,31.4,45.2,54.2
Africa,Lesotho,2015,65.9,2870,28.8,40.6,54.2
Africa,Lesotho,2016,65.9,2940,28.3,34.2,54.2
Africa,Liberia,2006,52.2,982,19.5,13.4,36.4
Africa,Liberia,2007,52.4,1030,19.5,19.0,36.2
Africa,Liberia,2008,52.5,1060,19.5,20.0,35.9
Africa,Liberia,2010,50.7,1100,19.5,17.3,35.1
Africa,Liberia,2011,50.7,1150,19.5,17.3,34.6
Africa,Liberia,2012,49.5,1210,19.5,20.9,34.2
Africa,Liberia,2013,49.5,1280,19.5,20.3,33.8
Africa,Madagascar,2006,58.2,1420,25.3,10.7,40.9
Africa,Madagascar,2007,57.0,1460,29.6,11.4,40.9
Africa,Malawi,2009,54.9,1040,24.5,14.5,43.6
Africa,Malawi,2010,58.4,1080,22.8,15.4,44.4
Africa,Malawi,2011,58.4,1100,12.4,15.5,44.9
Africa,Malawi,2012,60.8,1090,12.0,13.6,45.3
Africa,Malawi,2013,60.0,1110,12.7,14.1,45.5
Africa,Malawi,2014,56.6,1140,12.0,15.9,45.5
Africa,Malawi,2015,55.5,1140,12.2,15.2,45.5
Africa,Malawi,2016,55.5,1140,10.8,15.5,45.5
Africa,Mali,2006,59.9,1790,21.2,13.3,38.2
Africa,Mali,2007,59.3,1790,23.9,13.1,37.2
Africa,Mali,2008,58.7,1810,24.2,11.9,36.0
Africa,Mali,2009,59.4,1840,22.0,13.0,34.8
Africa,Mali,2010,60.1,1880,24.0,12.9,33.9
Africa,Mali,2011,63.6,1880,19.7,12.5,33.3
Africa,Mali,2012,51.2,1810,17.2,13.0,33.0
Africa,Mali,2013,59.0,1800,17.8,13.0,33.0
Africa,Mali,2014,57.9,1870,17.6,12.6,33.0
Africa,Mali,2015,57.0,1920,17.4,14.1,33.0
Africa,Mali,2016,57.0,1970,17.4,15.4,33.0
Africa,Mauritius,2006,80.4,13400,25.6,16.0,35.5
Africa,Mauritius,2007,80.4,14100,26.0,15.1,35.6
Africa,Mauritius,2008,80.4,14900,25.3,17.0,35.7
Africa,Mauritius,2009,80.4,15300,23.8,18.1,35.7
Africa,Mauritius,2010,80.4,15900,27.1,18.0,35.8
Africa,Mauritius,2011,80.4,16600,23.9,18.0,35.8
Africa,Mauritius,2012,81.7,17100,24.4,18.6,35.8
Africa,Mauritius,2013,81.7,17600,22.0,18.4,35.8
Africa,Mauritius,2014,81.7,18300,19.7,18.5,35.8
Africa,Mauritius,2015,82.8,18900,18.1,8.99,35.8
Africa,Mauritius,2016,82.8,19600,17.9,18.1,35.8
Africa,Morocco,2006,39.0,5710,30.9,21.5,40.7
Africa,Morocco,2007,38.9,5850,33.9,23.9,40.6
Africa,Morocco,2008,38.8,6120,39.1,26.5,40.5
Africa,Morocco,2009,38.4,6300,35.0,23.5,40.4
Africa,Morocco,2010,37.9,6460,34.1,22.8,40.2
Africa,Morocco,2011,38.3,6700,35.8,23.3,40.1
Africa,Mozambique,2010,49.0,945,18.3,16.1,47.3
Africa,Mozambique,2011,49.0,984,25.7,18.7,48.4
Africa,Mozambique,2012,48.8,1030,47.4,20.4,49.8
Africa,Mozambique,2013,47.7,1070,54.5,23.1,51.2
Africa,Mozambique,2014,46.6,1120,55.4,25.4,52.3
Africa,Mozambique,2015,46.0,1160,45.3,21.9,53.2
Africa,Mozambique,2016,40.2,1170,38.3,20.1,53.7
Africa,Namibia,2006,65.4,8110,22.3,29.1,62.5
Africa,Namibia,2007,65.1,8390,24.4,30.9,62.1
Africa,Namibia,2008,64.8,8460,27.8,30.1,61.8
Africa,Namibia,2009,63.5,8330,26.5,29.4,61.4
Africa,Namibia,2010,62.3,8680,24.1,25.9,61.0
Africa,Namibia,2011,62.4,8960,22.4,30.0,60.7
Africa,Namibia,2012,62.4,9250,26.7,32.9,60.3
Africa,Namibia,2013,62.4,9600,25.1,31.5,60.0
Africa,Namibia,2014,62.4,10000,33.6,33.6,59.7
Africa,Namibia,2015,63.1,10500,33.8,32.5,59.5
Africa,Namibia,2016,63.1,10400,23.7,28.5,59.3
Africa,Nigeria,2006,35.2,4260,8.27,2.41,41.0
Africa,Nigeria,2007,35.3,4420,9.26,3.98,41.5
Africa,Nigeria,2008,35.3,4600,8.33,5.46,42.0
Africa,Nigeria,2009,35.0,4840,12.1,5.11,42.4
Africa,Nigeria,2010,34.7,5090,17.3,2.27,42.7
Africa,Nigeria,2011,38.3,5210,16.2,1.8,42.9
Africa,Nigeria,2012,37.7,5290,14.9,1.56,43.0
Africa,Nigeria,2013,37.7,5500,14.9,1.48,43.0
Africa,Rwanda,2014,32.5,1670,25.3,13.3,45.5
Africa,Rwanda,2015,30.7,1770,26.4,13.7,45.3
Africa,Rwanda,2016,30.7,1830,25.9,14.8,45.1
Africa,Senegal,2009,53.2,2760,22.1,18.0,39.8
Africa,Senegal,2010,52.7,2780,22.1,18.7,39.9
Africa,Senegal,2011,55.1,2740,25.6,19.0,40.1
Africa,Senegal,2012,60.9,2800,29.2,19.0,40.2
Africa,Senegal,2014,61.5,2900,24.4,19.6,40.3
Africa,Senegal,2015,60.8,3000,25.1,20.6,40.3
Africa,Senegal,2016,62.1,3100,24.9,20.5,40.3
Africa,Sierra Leone,2006,35.7,1070,10.4,8.43,38.4
Africa,Sierra Leone,2007,38.4,1130,9.45,7.88,37.5
Africa,Sierra Leone,2008,41.1,1160,9.11,8.21,36.7
Africa,Sierra Leone,2009,43.1,1170,9.99,8.41,35.8
Africa,Sierra Leone,2010,45.1,1210,31.1,9.08,35.1
Africa,Sierra Leone,2011,45.1,1260,42.0,9.31,34.6
Africa,Sierra Leone,2012,47.1,1410,27.5,9.51,34.2
Africa,Sierra Leone,2013,46.4,1670,13.8,9.12,34.0
Africa,Sierra Leone,2014,45.6,1710,13.7,8.6,34.0
Africa,South Africa,2006,79.1,11500,20.2,27.3,63.9
Africa,South Africa,2007,79.1,11900,21.0,27.6,63.9
Africa,South Africa,2008,79.1,12100,23.2,26.8,63.6
Africa,South Africa,2009,78.5,11800,20.7,24.4,63.4
Africa,South Africa,2010,77.9,12000,19.5,25.0,63.3
Africa,South Africa,2011,77.9,12200,19.7,25.2,63.2
Africa,South Africa,2012,77.9,12300,20.0,25.6,63.2
Africa,South Africa,2013,79.0,12400,21.2,26.0,63.2
Africa,South Africa,2014,78.2,12400,20.5,26.5,63.1
Africa,South Africa,2015,75.6,12400,21.0,27.3,63.1
Africa,South Africa,2016,74.1,12200,19.4,27.1,63.0
Africa,Swaziland,2006,29.3,7630,16.5,31.0,52.0
Africa,Swaziland,2007,29.9,7920,16.0,27.3,51.8
Africa,Swaziland,2008,30.4,7930,15.7,29.8,51.7
Africa,Swaziland,2009,29.7,8000,15.4,25.3,51.6
Africa,Swaziland,2010,29.0,8240,14.5,16.0,51.5
Africa,Swaziland,2011,32.6,8370,12.9,16.3,51.5
Africa,Swaziland,2012,32.0,8710,12.3,28.6,51.5
Africa,Tanzania,2014,57.7,2540,30.1,11.9,37.8
Africa,Togo,2006,17.5,1160,16.8,14.8,43.0
Africa,Togo,2007,20.9,1160,14.6,16.2,43.2
Africa,Togo,2008,24.3,1170,17.3,14.9,43.7
Africa,Togo,2009,29.4,1200,18.0,15.3,44.5
Africa,Togo,2010,34.5,1240,18.9,15.7,45.0
Africa,Togo,2011,34.5,1290,18.3,16.4,45.1
Africa,Togo,2012,34.5,1340,24.2,16.6,45.0
Africa,Togo,2013,34.5,1380,24.6,20.0,44.5
Africa,Togo,2015,34.1,1470,20.7,21.8,43.5
Africa,Togo,2016,33.2,1500,22.9,21.9,43.2
Africa,Tunisia,2006,30.6,9180,23.4,18.5,37.8
Africa,Tunisia,2007,30.1,9690,23.8,19.1,37.4
Africa,Tunisia,2008,29.6,10000,26.0,20.5,37.0
Africa,Tunisia,2009,28.8,10200,25.1,20.0,36.6
Africa,Tunisia,2010,27.9,10400,26.6,20.1,36.3
Africa,Tunisia,2011,55.3,10100,23.5,21.2,36.0
Africa,Tunisia,2012,56.7,10400,24.9,21.1,35.9
Africa,Uganda,2015,52.2,1750,24.6,12.9,41.9
Africa,Uganda,2016,52.6,1770,25.5,13.5,42.2
Africa,Zambia,2010,56.8,3340,29.9,13.2,55.6
Africa,Zambia,2011,61.9,3420,33.6,17.1,55.9
Africa,Zambia,2012,62.6,3570,31.8,16.2,56.2
Africa,Zambia,2013,62.6,3630,34.0,15.7,56.5
Africa,Zambia,2014,63.9,3690,34.0,17.0,56.8
Africa,Zambia,2015,62.8,3680,42.8,16.8,57.0
Africa,Zambia,2016,59.9,3700,38.2,14.9,57.1
Africa,Zimbabwe,2009,25.9,1630,14.3,10.3,43.2
Africa,Zimbabwe,2010,26.4,1930,22.3,20.7,43.2
Africa,Zimbabwe,2011,26.8,2170,20.3,20.9,43.2
Africa,Zimbabwe,2012,26.7,2490,11.8,21.4,43.2
Americas,Argentina,2006,66.3,16700,18.7,12.9,46.7
Americas,Argentina,2007,66.3,18000,20.1,12.4,45.8
Americas,Argentina,2008,66.3,18600,19.6,13.3,44.9
Americas,Argentina,2009,67.3,17300,16.1,12.4,44.0
Americas,Argentina,2010,68.4,18900,17.7,12.9,43.0
Americas,Argentina,2011,68.4,19800,18.4,12.7,42.3
Americas,Argentina,2012,68.4,19400,16.5,13.0,41.8
Americas,Argentina,2013,68.4,19600,17.3,12.5,41.6
Americas,Argentina,2014,68.4,18900,17.3,12.6,41.6
Americas,Argentina,2015,70.2,19200,17.1,12.3,41.8
Americas,Argentina,2016,69.6,18600,17.0,12.2,42.1
Americas,Bolivia,2006,59.8,4780,13.9,16.8,55.1
Americas,Bolivia,2007,60.6,4910,15.2,17.0,54.0
Americas,Brazil,2006,73.8,12700,17.8,15.4,55.5
Americas,Brazil,2007,73.8,13300,19.8,15.8,54.9
Americas,Brazil,2008,73.8,13900,21.6,15.5,54.3
Americas,Brazil,2009,72.5,13700,18.8,14.4,53.8
Americas,Brazil,2010,71.2,14600,21.8,13.6,53.3
Americas,Brazil,2011,71.2,15100,21.8,14.2,53.1
Americas,Brazil,2012,71.2,15200,21.4,13.7,52.6
Americas,Brazil,2013,71.2,15500,21.7,13.4,52.2
Americas,Brazil,2014,73.8,15500,20.5,12.8,51.9
Americas,Brazil,2015,69.6,14800,17.4,12.8,51.6
Americas,Brazil,2016,69.0,14200,15.4,12.9,51.4
Americas,Canada,2006,90.7,41200,23.7,13.4,33.8
Americas,Canada,2007,90.7,41600,24.0,13.4,33.8
Americas,Canada,2008,90.7,41600,24.1,12.4,33.7
Americas,Canada,2009,90.8,39900,22.0,12.3,33.7
Americas,Canada,2010,90.8,40700,23.5,11.8,33.7
Americas,Canada,2011,90.8,41600,24.2,11.8,33.8
Americas,Canada,2012,90.8,41800,24.9,11.7,33.3
Americas,Canada,2013,90.8,42400,25.0,11.7,32.8
Americas,Canada,2014,90.8,43100,24.9,11.8,32.2
Americas,Canada,2015,90.8,43100,24.1,12.3,31.7
Americas,Canada,2016,91.5,43100,23.2,12.2,31.1
Americas,Chile,2006,78.9,17900,20.8,19.5,49.0
Americas,Chile,2007,78.9,18500,20.8,20.3,48.7
Americas,Chile,2008,78.9,19000,26.8,18.7,48.5
Americas,Chile,2009,77.8,18500,21.1,14.5,48.4
Americas,Chile,2010,76.7,19400,23.1,17.4,48.2
Americas,Chile,2011,75.4,20300,24.6,18.9,47.9
Americas,Chile,2012,75.4,21200,26.4,19.0,47.6
Americas,Chile,2013,78.0,21900,25.6,17.4,47.5
Americas,Chile,2014,78.0,22000,23.2,17.0,47.5
Americas,Chile,2015,78.4,22300,23.8,17.4,47.5
Americas,Chile,2016,77.8,22300,22.2,17.4,47.6
Americas,Colombia,2008,65.4,10600,23.5,12.9,54.7
Americas,Colombia,2009,65.5,10600,22.4,12.6,54.6
Americas,Colombia,2010,65.5,11000,22.1,12.1,54.2
Americas,Colombia,2011,66.3,11700,23.9,14.6,53.7
Americas,Colombia,2012,66.3,12000,23.9,13.3,53.4
Americas,Colombia,2013,65.5,12400,24.3,14.1,52.7
Americas,Colombia,2014,65.5,12900,26.3,15.0,52.1
Americas,Colombia,2015,66.2,13100,26.7,15.1,51.7
Americas,Colombia,2016,66.7,13200,24.7,13.3,51.3
Americas,Costa Rica,2006,80.4,11600,21.2,13.9,48.6
Americas,Costa Rica,2007,80.4,12300,23.5,14.9,49.1
Americas,Costa Rica,2008,80.4,12700,24.9,15.3,49.2
Americas,Costa Rica,2009,80.4,12500,18.4,13.3,49.1
Americas,Costa Rica,2010,80.4,12900,19.7,13.1,48.9
Americas,Costa Rica,2011,81.0,13300,19.9,13.4,49.1
Americas,Costa Rica,2012,81.0,13800,20.5,13.3,48.7
Americas,Costa Rica,2013,80.3,13900,19.0,13.7,48.7
Americas,Costa Rica,2014,80.3,14300,18.8,13.4,48.7
Americas,Costa Rica,2015,79.6,14600,18.4,13.7,48.7
Americas,Costa Rica,2016,78.8,15100,17.9,14.0,48.6
Americas,Dominican Republic,2006,61.3,9860,26.9,14.0,50.0
Americas,Dominican Republic,2007,61.6,10500,28.4,14.9,49.3
Americas,Dominican Republic,2008,62.0,10700,30.0,14.2,48.7
Americas,Dominican Republic,2009,62.0,10600,23.6,12.6,47.8
Americas,Dominican Republic,2010,62.0,11400,26.4,12.2,47.2
Americas,Dominican Republic,2011,62.0,11600,25.0,12.3,47.1
Americas,Dominican Republic,2012,64.9,11800,24.3,13.0,46.2
Americas,Dominican Republic,2013,67.4,12200,22.7,13.5,45.7
Americas,Dominican Republic,2014,66.7,13000,23.0,13.6,45.3
Americas,Dominican Republic,2015,66.7,13700,22.6,13.3,45.3
Americas,Dominican Republic,2016,66.7,14500,21.9,13.5,44.9
Americas,El Salvador,2006,62.2,6120,20.1,15.7,46.8
Americas,El Salvador,2007,63.1,6200,20.8,16.7,46.4
Americas,El Salvador,2008,64.0,6310,20.2,17.1,45.4
Americas,El Salvador,2009,64.3,6150,14.1,15.0,44.8
Americas,El Salvador,2010,64.7,6280,16.7,15.8,44.1
Americas,El Salvador,2011,64.7,6490,17.8,15.3,43.4
Americas,El Salvador,2012,64.7,6650,17.8,16.2,42.5
Americas,El Salvador,2013,65.3,6760,17.2,17.1,41.9
Americas,El Salvador,2014,65.3,6850,16.4,16.7,41.5
Americas,El Salvador,2015,66.4,6980,15.6,16.9,41.1
Americas,El Salvador,2016,66.4,7120,15.1,17.6,40.4
Americas,Guatemala,2006,60.7,6460,20.8,11.9,54.1
Americas,Guatemala,2007,60.7,6710,20.8,12.1,53.6
Americas,Guatemala,2008,60.7,6780,16.4,11.3,53.0
Americas,Guatemala,2009,60.6,6670,13.1,10.3,52.2
Americas,Guatemala,2010,60.5,6710,13.9,10.4,51.4
Americas,Guatemala,2011,58.8,6850,15.2,10.8,50.7
Americas,Guatemala,2012,58.8,6900,15.0,10.8,49.9
Americas,Guatemala,2013,58.1,7010,14.0,10.9,49.2
Americas,Guatemala,2014,58.1,7150,13.7,10.8,48.8
Americas,Guatemala,2015,59.2,7290,13.6,10.2,48.5
Americas,Guatemala,2016,59.2,7370,12.9,10.4,48.3
Americas,Honduras,2006,62.5,3810,28.3,15.2,57.3
Americas,Honduras,2007,62.1,3950,33.7,16.4,55.9
Americas,Honduras,2008,61.8,4030,36.1,16.1,54.6
Americas,Honduras,2009,59.7,3850,20.6,14.2,54.4
Americas,Honduras,2010,57.6,3910,21.9,14.4,54.4
Americas,Honduras,2011,58.4,3980,26.0,14.8,53.9
Americas,Honduras,2012,58.4,4070,24.6,14.7,53.7
Americas,Honduras,2013,58.4,4110,21.8,15.1,53.0
Americas,Honduras,2014,58.4,4160,22.2,16.5,51.7
Americas,Honduras,2015,58.4,4250,25.1,17.3,50.5
Americas,Jamaica,2006,73.4,8630,28.4,24.0,45.5
Americas,Jamaica,2007,72.8,8710,26.6,24.8,45.5
Americas,Jamaica,2008,72.1,8590,24.4,24.7,45.5
Americas,Jamaica,2009,72.1,8180,21.1,25.0,45.5
Americas,Jamaica,2010,72.1,8020,20.2,24.3,45.5
Americas,Jamaica,2011,71.3,8110,21.4,23.4,45.5
Americas,Jamaica,2012,73.9,8020,19.9,24.3,45.5
Americas,Jamaica,2013,73.9,8010,21.3,24.0,45.5
Americas,Jamaica,2014,73.9,8020,22.5,24.1,45.5
Americas,Jamaica,2015,73.9,8050,21.3,24.8,45.5
Americas,Jamaica,2016,73.9,8120,21.3,26.1,45.5
Americas,Mexico,2008,67.8,16700,24.1,10.0,47.3
Americas,Mexico,2009,68.5,15600,22.9,9.68,46.9
Americas,Mexico,2010,69.3,16200,22.8,10.1,46.8
Americas,Mexico,2011,69.3,16500,23.3,10.0,46.8
Americas,Mexico,2012,69.0,16900,23.9,9.77,46.9
Americas,Mexico,2013,69.1,16900,22.5,10.3,46.9
Americas,Mexico,2014,66.8,17200,21.9,10.6,46.8
Americas,Mexico,2015,65.5,17500,23.3,12.8,46.5
Americas,Mexico,2016,64.7,17800,23.7,13.6,46.3
Americas,Nicaragua,2006,56.8,3820,28.3,13.7,44.6
Americas,Nicaragua,2007,58.8,3960,31.3,13.9,44.3
Americas,Nicaragua,2008,60.7,4040,33.6,13.2,44.2
Americas,Nicaragua,2009,59.0,3850,23.2,13.1,44.3
Americas,Nicaragua,2010,57.3,3970,24.8,13.7,44.5
Americas,Nicaragua,2011,55.6,4160,31.0,14.5,44.8
Americas,Nicaragua,2012,55.6,4380,31.0,15.0,45.3
Americas,Nicaragua,2013,54.6,4530,30.9,15.0,45.6
Americas,Nicaragua,2014,53.2,4690,28.9,15.3,45.9
Americas,Nicaragua,2015,52.6,4850,32.7,15.8,46.1
Americas,Nicaragua,2016,48.1,5000,30.7,16.3,46.2
Americas,Paraguay,2006,61.6,8280,17.1,10.5,52.1
Americas,Paraguay,2007,62.8,8610,15.8,10.1,51.5
Americas,Paraguay,2008,64.0,9030,16.4,10.8,51.4
Americas,Paraguay,2009,64.0,8880,13.8,11.7,51.2
Americas,Paraguay,2010,64.0,9740,16.2,12.1,50.2
Americas,Paraguay,2011,64.0,10000,17.1,12.6,49.6
Americas,Paraguay,2012,62.6,9830,15.1,12.8,49.9
Americas,Paraguay,2013,62.6,10500,15.4,12.0,49.2
Americas,Paraguay,2014,62.6,10900,16.3,12.7,48.4
Americas,Paraguay,2015,63.3,11100,16.8,12.9,48.4
Americas,Paraguay,2016,62.7,11400,18.0,12.6,48.4
Americas,Peru,2006,61.1,8020,19.7,15.7,50.0
Americas,Peru,2007,62.1,8640,22.0,16.4,49.4
Americas,Peru,2008,63.1,9350,26.2,16.5,48.4
Americas,Peru,2009,63.5,9380,20.0,14.5,47.2
Americas,Peru,2010,64.0,10100,23.8,15.5,46.1
Americas,Peru,2011,65.9,10600,24.2,16.0,45.3
Americas,Peru,2012,64.7,11200,24.6,16.5,44.6
Americas,Peru,2013,65.4,11700,25.6,16.4,44.1
Americas,Peru,2014,65.4,11900,24.6,16.7,43.9
Americas,Peru,2015,65.8,12100,24.2,14.9,43.7
Americas,Peru,2016,66.5,12400,22.1,13.8,43.6
Americas,Suriname,2006,65.2,12500,18.4,16.7,59.8
Americas,Suriname,2007,65.5,13000,42.3,18.9,60.1
Americas,Suriname,2008,65.8,13300,45.5,17.3,60.4
Americas,Suriname,2009,66.2,13600,47.1,17.2,60.6
Americas,Suriname,2010,66.5,14100,37.5,15.7,60.8
Americas,Suriname,2011,66.5,14800,53.2,18.5,60.9
Americas,Suriname,2012,66.5,15000,57.8,19.5,61.0
Americas,United States,2006,82.2,50400,23.3,11.3,40.8
Americas,United States,2007,82.2,50900,22.4,11.3,40.8
Americas,United States,2008,82.2,50400,20.8,10.3,40.8
Americas,United States,2009,82.0,48600,17.5,7.94,40.7
Americas,United States,2010,81.8,49500,18.4,8.61,40.7
Americas,United States,2011,81.1,49900,18.5,9.59,40.7
Americas,United States,2012,81.1,50600,19.4,9.82,40.8
Americas,United States,2013,81.1,51200,19.8,10.6,41.0
Americas,United States,2014,81.1,52100,20.1,11.0,41.2
Americas,United States,2015,80.5,53200,20.4,11.2,41.3
Americas,United States,2016,79.8,53600,19.7,10.9,41.4
Americas,Uruguay,2006,79.6,13500,19.5,19.0,45.8
Americas,Uruguay,2007,80.2,14400,19.5,18.4,45.8
Americas,Uruguay,2008,80.8,15400,23.2,18.2,45.5
Americas,Uruguay,2009,80.9,16000,19.6,18.7,44.8
Americas,Uruguay,2010,81.0,17200,19.4,18.9,43.5
Americas,Uruguay,2011,81.7,18000,20.9,19.1,42.6
Americas,Uruguay,2012,81.7,18600,22.9,18.8,41.5
Americas,Uruguay,2013,81.7,19400,22.5,19.0,40.6
Americas,Uruguay,2014,81.7,19900,21.2,18.6,40.1
Americas,Uruguay,2015,81.7,19900,19.7,18.5,40.1
Americas,Uruguay,2016,81.7,20200,17.8,23.7,39.9
Asia,Afghanistan,2006,30.6,1120,23.4,6.88,36.8
Asia,Afghanistan,2007,30.4,1250,19.9,5.23,36.8
Asia,Afghanistan,2008,30.2,1270,18.9,6.04,36.8
Asia,Afghanistan,2009,27.5,1500,17.9,8.44,36.8
Asia,Afghanistan,2010,24.8,1670,17.9,9.12,36.8
Asia,Afghanistan,2011,24.8,1630,16.6,8.85,36.8
Asia,Afghanistan,2012,24.8,1770,16.8,7.47,36.8
Asia,Afghanistan,2013,24.8,1810,17.2,7.08,36.8
Asia,Afghanistan,2014,27.7,1800,18.1,6.84,36.8
Asia,Afghanistan,2015,27.7,1770,19.4,7.55,36.8
Asia,Armenia,2006,41.5,6110,35.9,14.4,32.7
Asia,Armenia,2007,41.2,7010,37.8,16.0,30.8
Asia,Armenia,2008,40.9,7560,40.9,17.3,29.6
Asia,Armenia,2009,40.9,6530,34.7,16.5,29.6
Asia,Armenia,2010,40.9,6700,32.9,17.1,29.2
Asia,Armenia,2011,40.9,7020,27.3,17.2,29.5
Asia,Armenia,2012,40.9,7510,25.3,17.5,30.2
Asia,Armenia,2014,41.3,7950,20.9,21.6,31.3
Asia,Armenia,2015,40.0,8170,20.7,20.9,31.9
Asia,Armenia,2016,38.8,8160,18.0,21.3,32.3
Asia,Azerbaijan,2008,31.9,14600,18.7,16.4,31.8
Asia,Azerbaijan,2009,31.7,15700,18.9,14.1,32.1
Asia,Azerbaijan,2010,31.5,16200,18.1,12.2,32.2
Asia,Azerbaijan,2011,31.5,15800,20.3,12.2,32.4
Asia,Azerbaijan,2012,31.5,15900,21.7,12.8,32.4
Asia,Azerbaijan,2013,30.6,16600,24.5,13.4,32.4
Asia,Azerbaijan,2014,28.3,16900,25.7,14.2,32.4
Asia,Azerbaijan,2015,27.1,16800,27.9,15.6,32.4
Asia,Bahrain,2006,35.3,42700,30.4,1.17,40.0
Asia,Bahrain,2007,34.5,42800,34.7,1.15,40.0
Asia,Bahrain,2008,33.8,42200,35.2,1.24,40.0
Asia,Bahrain,2009,34.4,40700,26.1,1.36,40.0
Asia,Bahrain,2010,34.9,40600,27.3,1.18,40.0
Asia,Bahrain,2011,29.2,40200,22.4,1.11,40.0
Asia,Bahrain,2013,28.7,42700,25.9,1.07,40.0
Asia,Bangladesh,2006,61.1,2100,26.1,7.04,33.0
Asia,Bangladesh,2007,58.1,2220,26.2,6.92,32.8
Asia,Bangladesh,2008,55.2,2320,26.2,7.66,32.6
Asia,Bangladesh,2009,57.0,2410,26.2,7.5,32.4
Asia,Bangladesh,2010,58.7,2520,26.2,7.83,32.3
Asia,Bangladesh,2011,58.6,2650,27.4,8.69,32.2
Asia,Bangladesh,2012,58.6,2790,28.3,9.02,32.2
Asia,Bangladesh,2013,58.6,2930,28.4,8.96,32.3
Asia,Bangladesh,2014,57.8,3070,28.6,8.64,32.3
Asia,Bangladesh,2015,57.3,3230,28.9,8.5,32.3
Asia,Bangladesh,2016,57.3,3420,29.7,8.77,32.4
Asia,Bhutan,2006,26.2,4830,46.5,9.03,39.0
Asia,Bhutan,2007,34.6,5630,29.3,7.52,38.6
Asia,Bhutan,2008,43.0,5840,42.9,8.42,38.4
Asia,Bhutan,2009,44.9,6160,45.7,9.24,38.4
Asia,Bhutan,2010,46.8,6810,61.7,13.1,38.5
Asia,Bhutan,2011,45.7,7270,67.7,13.5,38.6
Asia,Bhutan,2012,46.5,7550,67.9,14.7,38.6
Asia,Bhutan,2013,48.2,7620,46.0,14.4,38.5
Asia,Bhutan,2014,48.7,7950,51.7,13.3,38.3
Asia,Bhutan,2015,49.3,8380,54.0,13.8,38.0
Asia,Bhutan,2016,49.3,8940,55.6,13.2,37.8
Asia,Cambodia,2006,47.7,2150,22.5,8.18,42.0
Asia,Cambodia,2007,48.2,2330,21.2,9.7,42.0
Asia,Cambodia,2008,48.7,2450,18.6,10.6,42.0
Asia,Cambodia,2009,48.7,2420,21.4,9.65,42.0
Asia,Cambodia,2010,48.7,2520,17.4,10.0,42.0
Asia,Cambodia,2011,48.7,2660,17.1,10.2,42.0
Asia,Cambodia,2012,49.6,2810,18.5,11.1,42.0
Asia,Cambodia,2013,46.0,2960,20.0,12.1,42.0
Asia,Cambodia,2014,47.8,3120,22.1,14.6,42.0
Asia,Cambodia,2015,42.7,3290,22.5,14.2,42.0
Asia,Cambodia,2016,42.7,3470,22.7,15.3,42.0
Asia,China,2006,29.7,6390,40.9,9.06,41.5
Asia,China,2007,30.1,7260,41.5,9.77,41.9
Asia,China,2008,30.4,7930,43.3,10.1,42.3
Asia,China,2009,30.9,8630,46.4,10.3,42.5
Asia,China,2010,31.4,9500,47.6,10.2,42.5
Asia,China,2011,31.4,10400,47.7,10.3,41.9
Asia,China,2012,30.0,11100,47.2,10.2,41.3
Asia,China,2013,30.0,11900,47.4,9.87,40.6
Asia,China,2014,30.0,12700,47.0,9.67,40.0
Asia,China,2015,31.4,13500,45.4,9.37,39.4
Asia,Fiji,2006,56.6,7510,22.5,23.2,39.2
Asia,Fiji,2011,36.7,7520,21.0,23.0,38.9
Asia,Fiji,2012,36.7,7610,17.3,23.2,38.2
Asia,Fiji,2013,36.1,7970,27.6,23.6,37.6
Asia,Fiji,2014,56.1,8410,19.0,24.6,37.1
Asia,Fiji,2015,56.9,8780,17.9,25.5,36.8
Asia,India,2006,76.8,3630,39.7,11.4,34.2
Asia,India,2007,77.4,3850,42.5,12.3,34.4
Asia,India,2008,78.0,3910,38.2,11.1,34.6
Asia,India,2009,75.4,4160,40.7,9.94,34.7
Asia,India,2010,72.8,4450,40.7,10.5,34.9
Asia,India,2011,73.0,4630,39.6,10.2,35.0
Asia,India,2012,75.2,4820,38.3,10.8,35.1
Asia,India,2013,76.9,5070,34.0,11.0,35.1
Asia,Indonesia,2008,63.4,7820,27.8,13.3,35.2
Asia,Indonesia,2009,64.3,8070,31.0,11.1,36.4
Asia,Indonesia,2010,65.3,8460,32.9,10.5,37.3
Asia,Indonesia,2011,65.3,8860,33.0,11.2,38.2
Asia,Indonesia,2012,67.6,9270,35.1,11.4,39.0
Asia,Indonesia,2013,68.2,9650,33.8,11.3,39.7
Asia,Indonesia,2014,69.5,10000,34.6,10.8,39.4
Asia,Indonesia,2015,70.3,10400,34.1,10.8,39.1
Asia,Indonesia,2016,69.7,10700,33.8,10.3,38.9
Asia,Iran,2006,29.3,16400,38.6,6.22,43.7
Asia,Iran,2007,28.8,17500,39.7,5.94,43.4
Asia,Iran,2008,28.3,17400,41.8,6.2,42.9
Asia,Iran,2009,23.9,17300,40.9,7.36,41.9
Asia,Iraq,2014,42.3,15100,25.7,0.89,29.5
Asia,Iraq,2015,40.8,15000,24.4,1.23,29.5
Asia,Iraq,2016,40.8,16500,20.6,2.02,29.5
Asia,Israel,2006,72.8,27600,20.5,26.1,41.3
Asia,Israel,2007,73.8,28700,21.2,26.1,41.5
Asia,Israel,2008,74.8,29000,20.0,23.8,41.7
Asia,Israel,2009,74.8,28600,18.3,21.9,41.8
Asia,Israel,2010,74.8,29700,18.4,22.5,41.9
Asia,Israel,2011,75.3,30600,20.4,22.7,41.9
Asia,Israel,2012,75.3,30600,21.2,22.1,41.7
Asia,Israel,2013,75.3,31300,20.0,23.0,41.5
Asia,Israel,2014,76.3,31900,20.2,23.3,41.4
Asia,Israel,2015,77.7,32100,19.8,23.4,41.4
Asia,Israel,2016,78.5,32700,20.5,23.4,41.4
Asia,Japan,2006,81.5,36100,24.7,10.5,32.0
Asia,Japan,2007,82.0,36700,24.5,10.1,32.0
Asia,Japan,2008,82.5,36300,24.5,8.93,31.9
Asia,Japan,2009,81.7,34300,21.3,8.37,32.1
Asia,Japan,2010,80.8,35800,21.3,8.81,32.1
Asia,Japan,2011,80.8,35800,22.1,9.36,32.1
Asia,Japan,2012,80.8,36400,22.7,9.68,32.1
Asia,Japan,2013,80.8,37100,23.2,10.4,32.1
Asia,Japan,2014,80.8,37300,23.9,11.5,32.1
Asia,Japan,2015,79.6,37800,24.0,11.4,32.1
Asia,Japan,2016,79.9,38100,23.6,11.1,32.1
Asia,Jordan,2008,39.3,9630,29.9,17.8,33.5
Asia,Jordan,2009,38.4,9660,26.3,17.0,33.3
Asia,Jordan,2010,37.4,9390,24.0,16.0,33.2
Asia,Jordan,2011,38.9,9120,25.5,15.0,33.3
Asia,Jordan,2012,37.6,8870,26.9,15.3,33.6
Asia,Jordan,2013,37.6,8660,28.1,15.3,33.7
Asia,Kuwait,2006,30.9,96400,16.2,0.97,40.0
Asia,Kuwait,2007,32.4,96800,20.5,1.09,40.0
Asia,Kuwait,2008,33.9,93600,17.6,0.8759999999999999,40.0
Asia,Kuwait,2009,36.4,81900,18.0,0.971,40.0
Asia,Kuwait,2010,38.8,75400,17.7,0.9790000000000001,40.0
Asia,Kuwait,2011,37.4,78000,13.5,0.8,40.0
Asia,Kuwait,2012,37.8,78700,12.8,0.716,40.0
Asia,Kuwait,2013,37.8,75600,14.4,0.777,40.0
Asia,Kuwait,2014,37.8,72600,16.3,0.89,40.0
Asia,Kuwait,2015,38.5,70300,25.4,1.38,40.0
Asia,Kazakhstan,2010,33.0,20100,25.4,15.7,28.2
Asia,Kazakhstan,2011,32.4,21300,23.0,18.3,27.9
Asia,Kazakhstan,2012,29.5,22000,25.2,13.3,27.6
Asia,Kazakhstan,2013,30.6,23000,24.6,16.0,27.4
Asia,Kazakhstan,2014,31.7,23600,25.8,14.2,27.2
Asia,Kazakhstan,2015,30.6,23500,27.9,9.84,26.9
Asia,Kazakhstan,2016,30.6,23400,27.8,9.92,26.9
Asia,Kyrgyz Republic,2013,46.9,3120,33.9,17.6,28.0
Asia,Kyrgyz Republic,2014,52.4,3180,36.8,17.5,27.8
Asia,Kyrgyz Republic,2015,53.3,3230,34.7,16.8,27.6
Asia,Kyrgyz Republic,2016,49.3,3310,33.9,16.9,27.2
Asia,Lao,2008,21.0,3740,31.7,12.1,35.2
Asia,Lao,2009,21.0,3950,33.9,12.8,35.5
Asia,Lao,2010,21.0,4220,27.5,13.0,35.8
Asia,Lao,2011,21.0,4490,28.1,13.1,36.0
Asia,Lao,2012,23.2,4770,32.5,13.6,36.1
Asia,Lao,2013,22.1,5080,30.6,13.7,36.3
Asia,Lao,2014,22.1,5390,29.8,13.8,36.3
Asia,Lao,2015,22.1,5690,31.6,13.5,36.4
Asia,Lao,2016,23.7,6000,29.0,12.9,36.4
Asia,Lebanon,2006,58.2,10600,20.4,15.2,31.8
Asia,Lebanon,2007,57.2,11500,24.1,15.1,31.8
Asia,Lebanon,2008,56.2,12600,28.2,16.4,31.8
Asia,Lebanon,2009,57.2,13700,27.1,16.8,31.8
Asia,Lebanon,2010,58.2,14400,25.2,16.9,31.8
Asia,Lebanon,2011,53.2,13800,26.8,16.3,31.8
Asia,Lebanon,2012,50.5,13400,24.3,15.2,31.8
Asia,Lebanon,2013,50.5,12800,27.7,14.3,31.8
Asia,Lebanon,2014,51.2,12300,24.2,14.2,31.8
Asia,Lebanon,2015,48.6,11900,21.4,13.6,31.8
Asia,Lebanon,2016,48.6,11800,24.8,13.9,31.8
Asia,Malaysia,2006,59.8,19200,22.7,14.5,46.0
Asia,Malaysia,2007,61.7,20000,23.4,14.3,45.9
Asia,Malaysia,2008,63.6,20600,21.5,14.7,45.6
Asia,Malaysia,2009,62.8,19900,17.8,14.9,45.2
Asia,Malaysia,2010,61.9,21000,23.4,13.3,44.5
Asia,Malaysia,2011,61.9,21800,23.2,14.8,43.6
Asia,Malaysia,2012,64.1,22700,25.7,15.6,42.8
Asia,Malaysia,2013,64.9,23400,25.9,15.3,42.1
Asia,Malaysia,2014,64.9,24500,25.0,14.8,41.5
Asia,Malaysia,2015,64.3,25400,25.1,14.3,41.2
Asia,Malaysia,2016,65.4,26100,25.9,13.8,41.1
Asia,Mongolia,2006,66.0,6480,35.9,28.7,34.8
Asia,Mongolia,2007,66.0,7050,38.7,23.5,35.0
Asia,Mongolia,2008,66.0,7570,43.6,21.7,34.7
Asia,Mongolia,2009,64.8,7350,34.4,16.5,34.5
Asia,Mongolia,2010,63.6,7690,42.1,19.6,34.2
Asia,Mongolia,2011,62.3,8850,58.2,18.5,33.6
Asia,Mongolia,2012,63.5,9750,55.9,15.3,33.1
Asia,Mongolia,2013,65.1,10700,53.3,15.7,33.0
Asia,Mongolia,2014,66.2,11300,35.2,12.9,32.6
Asia,Mongolia,2015,66.2,11300,26.4,11.8,32.4
Asia,Mongolia,2016,66.2,11200,29.4,11.3,32.3
Asia,Myanmar,2012,23.5,4110,30.9,4.52,38.1
Asia,Myanmar,2013,27.6,4420,31.8,5.53,38.1
Asia,Myanmar,2014,30.5,4740,35.4,5.84,38.1
Asia,Myanmar,2015,41.4,5030,34.9,6.01,38.1
Asia,Myanmar,2016,42.0,5290,32.9,6.41,38.1
Asia,Nepal,2006,34.2,1710,26.9,8.78,40.6
Asia,Nepal,2007,37.4,1750,28.7,9.77,39.1
Asia,Nepal,2008,40.5,1840,30.3,10.4,37.5
Asia,Nepal,2009,41.5,1910,31.7,11.8,36.0
Asia,Nepal,2010,42.4,1990,38.3,13.4,34.7
Asia,Nepal,2011,42.4,2050,38.0,13.3,33.8
Asia,Nepal,2012,41.6,2160,34.5,13.9,33.2
Asia,Nepal,2013,47.7,2250,37.3,15.3,32.8
Asia,Nepal,2014,47.7,2390,41.2,15.9,32.8
Asia,Nepal,2015,47.7,2460,39.1,16.7,32.8
Asia,Nepal,2016,48.6,2450,33.7,18.7,32.8
Asia,Oman,2006,27.7,42500,27.2,1.94,40.0
Asia,Oman,2007,28.8,43100,34.3,2.7,40.0
Asia,Oman,2008,29.8,45100,36.5,2.42,40.0
Asia,Oman,2009,29.2,45700,28.2,3.39,40.0
Asia,Oman,2010,28.6,45300,25.4,2.54,40.0
Asia,Oman,2011,32.6,41900,23.8,2.27,40.0
Asia,Oman,2012,32.6,42600,27.8,2.6,40.0
Asia,Oman,2013,32.6,41300,29.8,2.52,40.0
Asia,Palestine,2006,60.1,3360,23.5,4.6,34.7
Asia,Palestine,2007,59.2,3500,21.9,4.63,34.8
Asia,Palestine,2008,58.3,3610,20.6,5.06,34.9
Asia,Palestine,2009,56.4,3820,20.7,5.22,35.0
Asia,Palestine,2010,54.4,4020,21.6,5.45,34.7
Asia,Palestine,2011,49.7,4410,17.8,5.25,34.5
Asia,Palestine,2012,48.0,4570,21.1,4.56,34.4
Asia,Palestine,2013,48.0,4560,21.7,4.81,34.2
Asia,Palestine,2014,47.2,4450,19.0,5.71,34.1
Asia,Palestine,2015,45.7,4490,21.1,5.6,33.9
Asia,Qatar,2006,27.8,117000,41.9,20.1,40.0
Asia,Qatar,2007,28.5,116000,46.0,20.6,40.0
Asia,Qatar,2008,29.2,116000,41.1,15.9,40.0
Asia,Qatar,2009,30.1,113000,43.0,19.9,40.0
Asia,Qatar,2010,30.9,120000,31.3,14.7,40.0
Asia,Pakistan,2006,39.2,4000,19.3,10.4,32.2
Asia,Pakistan,2007,41.9,4100,18.8,9.23,32.0
Asia,Pakistan,2008,44.6,4070,19.2,9.49,31.6
Asia,Pakistan,2009,45.0,4100,17.5,8.94,31.0
Asia,Pakistan,2010,45.5,4070,15.8,9.98,30.8
Asia,Pakistan,2011,45.5,4100,14.1,9.19,30.6
Asia,Philippines,2006,64.8,4940,18.0,13.7,44.6
Asia,Philippines,2007,63.0,5180,17.3,13.5,44.6
Asia,Philippines,2008,61.2,5300,19.3,13.6,44.5
Asia,Philippines,2009,61.2,5270,16.6,12.2,44.3
Asia,Philippines,2010,61.2,5580,20.5,12.1,44.2
Asia,Philippines,2011,61.2,5690,20.5,12.4,44.1
Asia,Philippines,2012,63.0,5970,18.2,12.9,43.9
Asia,Philippines,2013,64.1,6280,20.0,13.3,43.5
Asia,Philippines,2014,67.7,6560,20.6,13.6,43.1
Asia,Philippines,2015,68.4,6850,21.2,13.6,42.7
Asia,Philippines,2016,69.4,7210,24.3,13.7,42.4
Asia,Singapore,2006,58.9,66200,22.3,11.9,42.4
Asia,Singapore,2007,58.9,69200,23.2,12.9,42.5
Asia,Singapore,2008,58.9,66800,30.5,13.9,42.6
Asia,Singapore,2009,58.9,64900,27.8,13.1,42.7
Asia,Singapore,2010,58.9,73100,28.2,13.0,42.5
Asia,Singapore,2011,58.9,76000,27.1,13.3,42.2
Asia,Singapore,2012,58.8,77500,29.9,13.8,42.0
Asia,Singapore,2013,59.2,79900,30.7,13.4,41.7
Asia,Singapore,2014,60.3,82000,30.2,13.7,41.4
Asia,Singapore,2015,61.4,83300,27.1,13.3,40.9
Asia,Singapore,2016,63.8,84700,27.0,13.7,40.9
Asia,Sri Lanka,2006,65.8,6910,28.0,14.6,40.2
Asia,Sri Lanka,2007,66.0,7330,28.0,14.2,39.6
Asia,Sri Lanka,2008,66.1,7710,27.6,13.3,38.7
Asia,Sri Lanka,2009,66.3,7930,24.4,12.8,38.1
Asia,Sri Lanka,2010,66.4,8500,30.4,11.3,37.7
Asia,Sri Lanka,2011,65.8,9160,33.4,11.3,37.8
Asia,Sri Lanka,2012,57.5,9980,39.1,10.4,38.1
Asia,Sri Lanka,2013,56.9,10200,33.2,10.5,38.7
Asia,Sri Lanka,2014,56.9,10600,32.3,10.1,39.2
Asia,Sri Lanka,2015,64.2,11100,31.2,12.4,39.6
Asia,Sri Lanka,2016,64.8,11400,35.0,12.3,39.7
Asia,South Korea,2006,78.8,26700,32.7,14.3,32.0
Asia,South Korea,2007,79.5,28000,32.6,15.5,32.0
Asia,South Korea,2008,80.1,28600,33.0,15.1,32.0
Asia,South Korea,2009,80.6,28600,28.5,14.3,32.1
Asia,South Korea,2010,81.1,30400,32.0,14.0,32.0
Asia,South Korea,2011,80.6,31200,33.0,14.4,31.8
Asia,South Korea,2012,81.3,31800,31.0,14.7,31.7
Asia,South Korea,2013,80.6,32500,29.1,14.3,31.6
Asia,South Korea,2014,80.6,33400,29.3,13.9,31.6
Asia,South Korea,2015,79.7,34200,28.9,13.9,31.6
Asia,South Korea,2016,79.2,35000,29.3,14.8,31.6
Asia,Syria,2006,23.6,5750,18.9,14.6,35.6
Asia,Syria,2007,22.7,5860,27.8,14.2,35.5
Asia,Thailand,2006,56.7,12000,27.0,15.6,41.3
Asia,Thailand,2007,62.4,12600,25.5,15.1,40.7
Asia,Thailand,2008,68.1,12800,28.2,15.4,40.2
Asia,Thailand,2009,66.8,12600,20.6,14.2,39.3
Asia,Thailand,2010,65.5,13500,25.4,14.9,39.2
Asia,Thailand,2011,65.5,13500,26.8,16.4,38.7
Asia,Thailand,2012,65.5,14500,28.0,15.4,38.2
Asia,Thailand,2013,62.5,14800,27.5,16.9,37.5
Asia,Thailand,2014,53.9,14900,23.9,15.6,37.2
Asia,Thailand,2015,50.9,15300,22.1,16.0,36.6
Asia,Thailand,2016,49.2,15700,21.7,15.5,36.2
Asia,Timor-Leste,2010,72.2,9010,9.42,24.3,28.2
Asia,Timor-Leste,2011,72.2,9860,12.9,24.9,28.3
Asia,Timor-Leste,2012,71.6,10200,10.5,25.7,28.4
Asia,Timor-Leste,2013,72.4,8890,10.3,23.2,28.5
Asia,Timor-Leste,2014,72.4,6470,15.4,22.5,28.6
Asia,Timor-Leste,2015,72.4,7660,18.9,18.5,28.6
Asia,Timor-Leste,2016,72.4,7570,26.1,9.82,28.7
Asia,United Arab Emirates,2011,25.8,56600,23.2,0.321,40.0
Asia,United Arab Emirates,2012,25.8,57900,21.9,0.364,40.0
Asia,United Arab Emirates,2013,25.2,60400,19.3,0.37,40.0
Asia,United Arab Emirates,2014,26.4,62900,22.2,0.35600000000000004,40.0
Asia,United Arab Emirates,2015,27.5,65800,25.7,0.0577,40.0
Asia,United Arab Emirates,2016,27.5,67000,26.0,0.0435,40.0
Asia,Uzbekistan,2011,17.4,4470,22.8,16.2,33.5
Asia,Uzbekistan,2012,17.2,4770,23.3,17.2,33.5
Asia,Uzbekistan,2013,17.2,5070,23.7,17.5,33.5
Asia,Uzbekistan,2014,24.5,5340,24.2,17.3,33.5
Asia,Uzbekistan,2015,19.5,5640,23.7,17.5,33.5
Asia,Uzbekistan,2016,19.5,5880,24.9,17.3,33.5
Asia,Vietnam,2006,27.5,3630,34.5,22.2,36.0
Asia,Vietnam,2007,26.4,3850,39.6,21.5,36.1
Asia,Vietnam,2008,25.3,4030,36.5,22.4,36.7
Asia,Vietnam,2009,27.4,4210,37.2,20.6,37.1
Asia,Vietnam,2010,29.4,4430,35.7,22.3,37.1
Asia,Vietnam,2011,29.6,4660,29.8,22.2,37.0
Asia,Vietnam,2012,28.9,4860,27.2,19.0,36.5
Asia,Vietnam,2013,32.9,5070,26.7,19.1,35.6
Europe,Albania,2011,58.1,10200,31.4,18.0,29.3
Europe,Albania,2012,56.7,10400,28.3,17.5,29.1
Europe,Albania,2013,56.7,10500,28.4,16.5,29.0
Europe,Albania,2014,56.7,10700,24.6,18.3,29.0
Europe,Albania,2015,59.1,11000,24.4,18.5,29.0
Europe,Albania,2016,59.1,11400,24.8,17.6,29.0
Europe,Austria,2006,86.9,42500,23.6,25.1,29.8
Europe,Austria,2007,85.9,43900,24.6,25.4,30.2
Europe,Austria,2008,84.9,44400,24.5,26.1,30.5
Europe,Austria,2009,84.9,42700,22.8,25.2,30.7
Europe,Austria,2010,84.9,43300,22.6,25.3,30.7
Europe,Austria,2011,84.9,44500,24.1,25.4,30.8
Europe,Austria,2012,86.2,44600,24.0,25.9,30.6
Europe,Austria,2013,84.8,44300,23.7,26.4,30.6
Europe,Austria,2014,85.4,44200,23.5,26.4,30.6
Europe,Austria,2015,85.4,44300,23.6,26.8,30.6
Europe,Austria,2016,84.1,44700,24.1,25.7,30.5
Europe,Belarus,2006,33.4,12400,32.2,22.2,28.0
Europe,Belarus,2007,33.4,13600,34.1,23.7,28.2
Europe,Belarus,2008,33.4,15000,37.6,25.4,28.4
Europe,Belarus,2009,33.4,15100,37.3,19.3,28.2
Europe,Belarus,2010,33.4,16300,40.7,16.3,27.6
Europe,Belarus,2011,31.6,17200,37.2,14.5,27.3
Europe,Belarus,2012,30.4,17500,35.1,14.7,27.2
Europe,Belarus,2013,30.4,17600,38.8,13.4,26.8
Europe,Belarus,2014,36.9,17900,34.8,12.7,26.8
Europe,Belarus,2015,36.2,17200,29.0,14.2,26.9
Europe,Belarus,2016,35.4,16800,26.5,13.8,27.0
Europe,Belgium,2006,81.5,40500,23.9,25.2,29.1
Europe,Belgium,2007,81.5,41600,24.4,24.7,28.7
Europe,Belgium,2008,81.6,41600,25.7,25.1,28.5
Europe,Belgium,2009,81.0,40400,21.7,23.6,28.5
Europe,Belgium,2010,80.5,41100,22.7,24.3,28.2
Europe,Belgium,2011,80.5,41300,24.0,24.7,28.0
Europe,Belgium,2012,80.5,41100,23.2,25.7,27.9
Europe,Belgium,2013,80.5,41000,22.2,26.2,27.8
Europe,Belgium,2014,79.3,41300,23.3,26.3,27.8
Europe,Belgium,2015,79.3,41800,23.6,24.7,27.8
Europe,Belgium,2016,77.7,42200,24.0,23.1,27.8
Europe,Bosnia and Herzegovina,2006,57.8,8800,21.6,21.7,33.5
Europe,Bosnia and Herzegovina,2007,57.4,9320,25.4,21.4,33.3
Europe,Bosnia and Herzegovina,2008,57.0,9850,27.1,20.3,33.1
Europe,Bosnia and Herzegovina,2009,55.1,9600,19.8,18.9,33.0
Europe,Bosnia and Herzegovina,2010,53.2,9760,16.3,19.7,33.0
Europe,Bosnia and Herzegovina,2011,52.4,9980,18.7,20.3,33.0
Europe,Bosnia and Herzegovina,2012,51.1,10000,19.2,20.5,32.9
Europe,Bosnia and Herzegovina,2013,50.2,10500,18.2,19.8,32.9
Europe,Bosnia and Herzegovina,2014,47.8,10800,19.1,19.8,32.8
Europe,Bosnia and Herzegovina,2015,48.3,11300,18.7,19.9,32.7
Europe,Bosnia and Herzegovina,2016,48.7,11800,19.6,20.0,32.7
Europe,Bulgaria,2006,71.0,13400,32.3,21.1,33.2
Europe,Bulgaria,2007,70.6,14500,33.6,22.9,33.7
Europe,Bulgaria,2008,70.2,15400,37.0,22.2,34.2
Europe,Bulgaria,2009,69.3,15000,28.6,19.0,33.9
Europe,Bulgaria,2010,68.4,15300,22.6,18.5,34.7
Europe,Bulgaria,2011,67.8,15700,21.5,17.7,35.3
Europe,Bulgaria,2012,67.2,15800,21.9,19.0,36.0
Europe,Bulgaria,2013,68.3,15900,21.3,19.8,36.3
Europe,Bulgaria,2014,67.3,16300,21.4,19.6,37.0
Europe,Bulgaria,2015,71.4,17000,21.2,20.2,37.3
Europe,Bulgaria,2016,70.1,17800,19.1,20.0,37.4
Europe,Croatia,2006,70.4,21100,29.8,19.9,31.7
Europe,Croatia,2007,70.4,22200,29.7,19.9,32.3
Europe,Croatia,2008,70.4,22700,31.4,20.0,32.2
Europe,Croatia,2009,69.3,21000,25.0,19.2,32.3
Europe,Croatia,2010,68.1,20800,21.4,19.1,32.2
Europe,Croatia,2011,67.3,20800,20.6,18.4,31.9
Europe,Croatia,2012,69.3,20300,19.2,19.5,31.7
Europe,Croatia,2013,69.3,20300,19.3,19.0,32.0
Europe,Croatia,2014,69.3,20400,18.8,19.1,31.8
Europe,Cyprus,2006,76.0,34600,24.6,40.9,30.9
Europe,Cyprus,2007,76.5,35600,24.4,48.3,31.3
Europe,Cyprus,2008,77.0,36000,28.9,46.1,31.5
Europe,Cyprus,2009,75.0,34400,22.9,23.3,31.8
Europe,Cyprus,2010,72.9,33900,23.8,23.2,32.4
Europe,Cyprus,2011,72.9,33200,18.8,23.3,33.5
Europe,Cyprus,2012,72.9,31800,16.1,23.3,34.2
Europe,Cyprus,2013,72.9,30000,13.2,23.4,34.7
Europe,Cyprus,2014,74.0,29900,12.3,24.5,35.0
Europe,Cyprus,2015,75.3,30700,14.2,24.1,34.9
Europe,Cyprus,2016,76.5,32000,16.8,24.3,34.3
Europe,Czech Republic,2006,81.7,27500,30.0,14.1,26.7
Europe,Czech Republic,2007,81.8,28800,32.1,14.5,26.4
Europe,Czech Republic,2008,81.9,29400,31.1,13.4,26.4
Europe,Czech Republic,2009,81.9,27800,26.5,13.4,26.3
Europe,Czech Republic,2010,81.9,28400,27.1,13.4,26.3
Europe,Czech Republic,2011,81.9,28800,27.0,14.3,26.3
Europe,Czech Republic,2012,81.9,28500,26.2,14.7,26.3
Europe,Czech Republic,2013,80.6,28400,24.7,14.9,26.2
Europe,Czech Republic,2014,79.4,29100,25.9,14.2,26.0
Europe,Czech Republic,2015,79.4,30600,28.0,14.6,26.0
Europe,Czech Republic,2016,78.2,31300,26.3,14.7,25.9
Europe,Denmark,2006,95.2,46200,24.3,31.9,25.5
Europe,Denmark,2007,95.2,46400,25.3,35.1,25.8
Europe,Denmark,2008,95.2,45900,24.0,33.4,26.2
Europe,Denmark,2009,95.2,43400,19.1,33.2,26.5
Europe,Denmark,2010,95.2,44000,18.1,32.7,26.8
Europe,Denmark,2011,95.2,44400,19.1,32.8,27.5
Europe,Denmark,2012,95.2,44300,19.5,33.4,27.8
Europe,Denmark,2013,93.8,44600,19.7,33.8,28.0
Europe,Denmark,2014,91.1,45100,20.1,36.5,28.2
Europe,Denmark,2015,91.1,45800,20.0,33.9,28.3
Europe,Denmark,2016,92.0,46500,21.0,33.7,28.2
Europe,Estonia,2006,77.4,25300,39.3,1.28,32.9
Europe,Estonia,2007,77.1,27400,39.3,1.3,32.3
Europe,Estonia,2008,76.8,26000,30.7,1.24,32.0
Europe,Estonia,2009,76.8,22200,20.7,1.37,31.8
Europe,Estonia,2010,76.8,22700,21.3,1.27,32.2
Europe,Estonia,2011,76.1,24500,25.1,1.23,32.8
Europe,Estonia,2012,76.1,25700,29.1,1.27,33.4
Europe,Estonia,2013,76.1,26300,26.9,1.29,33.5
Europe,Estonia,2014,77.4,27100,27.1,1.34,33.6
Europe,Estonia,2015,78.5,27600,24.9,1.4,33.5
Europe,Estonia,2016,78.5,28600,24.2,1.43,33.1
Europe,Finland,2006,92.5,40500,24.0,21.5,27.9
Europe,Finland,2007,92.5,42500,25.5,21.1,27.8
Europe,Finland,2008,92.5,42600,25.1,20.5,27.9
Europe,Finland,2009,92.2,38900,21.2,19.0,27.8
Europe,Finland,2010,91.9,39800,21.6,18.7,27.5
Europe,Finland,2011,90.6,40700,23.5,20.1,27.4
Europe,Finland,2012,90.6,39900,22.5,20.3,27.3
Europe,Finland,2013,90.3,39400,21.4,20.7,27.2
Europe,Finland,2014,90.3,39000,20.9,20.8,27.1
Europe,Finland,2015,90.3,39100,20.9,20.7,27.1
Europe,Finland,2016,90.3,40100,21.9,21.0,27.0
Europe,France,2006,80.7,37000,23.2,22.6,31.1
Europe,France,2007,80.7,37700,24.2,22.1,31.5
Europe,France,2008,80.7,37600,24.1,22.0,32.3
Europe,France,2009,79.2,36300,21.3,20.7,33.0
Europe,France,2010,77.7,36800,21.9,22.0,33.2
Europe,France,2011,77.7,37400,23.2,21.8,33.1
Europe,France,2012,78.8,37400,22.6,22.6,33.0
Europe,France,2013,79.2,37400,22.3,23.2,32.8
Europe,France,2014,80.4,37600,22.7,23.2,32.7
Europe,France,2015,79.2,37800,22.7,23.2,32.6
Europe,France,2016,79.2,38100,22.7,23.1,32.6
Europe,Germany,2006,88.2,39100,19.8,10.8,31.0
Europe,Germany,2007,88.2,40500,20.7,11.3,31.0
Europe,Germany,2008,88.2,41000,20.9,11.4,30.9
Europe,Germany,2009,86.0,38800,18.1,11.6,30.7
Europe,Germany,2010,83.8,40400,19.6,11.1,30.6
Europe,Germany,2011,83.4,42700,21.1,11.4,30.7
Europe,Germany,2012,83.4,42800,19.3,11.6,30.8
Europe,Germany,2013,83.1,42900,19.5,11.6,31.1
Europe,Germany,2014,86.4,43700,19.5,11.5,31.4
Europe,Germany,2015,86.4,44000,19.1,11.4,31.6
Europe,Germany,2016,86.3,44700,19.2,11.2,31.7
Europe,Greece,2006,81.3,31100,26.2,20.0,34.2
Europe,Greece,2007,81.3,32100,27.1,20.2,34.2
Europe,Greece,2008,81.3,31900,24.5,20.2,34.1
Europe,Greece,2009,80.3,30400,18.3,19.8,34.0
Europe,Greece,2010,79.2,28700,17.0,20.2,34.5
Europe,Greece,2011,76.5,26100,15.1,22.1,35.0
Europe,Greece,2012,76.5,24400,12.8,23.6,35.4
Europe,Greece,2013,76.5,23700,11.6,23.7,35.8
Europe,Greece,2014,74.5,24100,11.9,24.4,36.0
Europe,Greece,2015,74.5,24100,9.82,24.9,36.0
Europe,Greece,2016,72.3,24200,10.6,26.7,36.0
Europe,Hungary,2006,75.3,23400,25.7,19.8,29.6
Europe,Hungary,2007,74.8,23500,24.2,21.4,29.0
Europe,Hungary,2008,74.4,23700,24.7,23.3,28.4
Europe,Hungary,2009,73.3,22200,20.3,23.3,28.5
Europe,Hungary,2010,72.1,22400,20.7,22.8,28.8
Europe,Hungary,2011,70.4,22800,20.5,21.1,29.6
Europe,Hungary,2012,69.6,22600,19.5,22.9,30.4
Europe,Hungary,2013,69.6,23100,21.0,22.7,30.6
Europe,Hungary,2014,69.0,24200,23.3,23.0,30.8
Europe,Hungary,2015,68.4,25100,21.8,23.4,30.7
Europe,Hungary,2016,67.2,25700,19.8,23.4,30.5
Europe,Iceland,2006,97.1,41800,36.0,27.4,29.7
Europe,Iceland,2007,96.8,44600,29.8,26.2,29.8
Europe,Iceland,2008,96.5,44700,25.8,23.2,29.3
Europe,Iceland,2009,96.5,41500,14.8,20.1,28.6
Europe,Iceland,2010,96.5,40100,13.8,20.7,28.0
Europe,Iceland,2011,96.5,40800,15.4,21.2,26.8
Europe,Iceland,2012,96.5,41100,16.0,22.1,26.6
Europe,Iceland,2013,96.5,42400,15.4,22.7,26.9
Europe,Iceland,2014,95.8,42800,17.3,25.3,27.1
Europe,Iceland,2015,95.8,44200,19.1,23.5,27.3
Europe,Iceland,2016,95.0,46800,21.5,38.5,27.8
Europe,Ireland,2006,90.1,47600,31.9,26.8,32.6
Europe,Ireland,2007,90.1,48700,29.2,25.9,32.4
Europe,Ireland,2008,90.1,45700,24.6,23.7,32.1
Europe,Ireland,2009,89.0,42900,20.2,22.0,32.1
Europe,Ireland,2010,87.9,43500,17.3,21.8,32.4
Europe,Ireland,2011,85.6,44900,17.2,21.8,32.9
Europe,Ireland,2012,85.6,44800,20.2,22.5,32.8
Europe,Ireland,2013,86.8,45200,18.8,22.8,32.7
Europe,Ireland,2014,87.2,48800,22.4,23.2,32.4
Europe,Ireland,2015,88.5,60500,21.2,18.9,32.2
Europe,Ireland,2016,91.5,62800,32.7,18.8,31.8
Europe,Italy,2006,77.3,38200,21.9,22.1,33.7
Europe,Italy,2007,78.5,38600,22.2,22.4,33.6
Europe,Italy,2008,79.8,38000,21.8,21.9,33.8
Europe,Italy,2009,79.0,35700,19.4,22.4,34.1
Europe,Italy,2010,78.3,36200,20.5,22.3,34.5
Europe,Italy,2011,77.4,36300,20.5,22.3,34.7
Europe,Italy,2012,77.4,35200,17.9,23.6,34.9
Europe,Italy,2013,78.5,34200,17.0,23.7,35.0
Europe,Italy,2014,78.5,33900,17.0,23.5,35.1
Europe,Italy,2015,79.8,34300,17.3,23.4,35.2
Europe,Italy,2016,79.8,34700,17.1,23.7,35.3
Europe,Latvia,2006,73.7,19800,39.2,22.2,36.7
Europe,Latvia,2007,73.0,21900,41.5,21.7,36.6
Europe,Latvia,2008,72.3,21400,35.1,20.8,35.9
Europe,Latvia,2009,71.4,18600,22.0,18.8,35.9
Europe,Latvia,2010,70.5,18300,19.3,19.8,35.6
Europe,Latvia,2011,70.5,19800,25.2,20.0,35.4
Europe,Latvia,2012,70.5,20800,26.2,21.1,35.3
Europe,Latvia,2013,70.5,21600,24.3,22.0,35.2
Europe,Latvia,2014,74.8,22200,22.7,22.4,34.9
Europe,Latvia,2015,73.7,23000,22.2,22.8,34.6
Europe,Latvia,2016,73.1,23700,19.6,23.9,34.4
Europe,Lithuania,2006,74.3,20200,26.7,5.93,35.4
Europe,Lithuania,2007,74.0,22700,32.1,5.89,35.6
Europe,Lithuania,2008,73.6,23600,27.9,5.93,35.3
Europe,Lithuania,2009,73.0,20300,12.4,4.93,34.9
Europe,Lithuania,2010,72.4,21100,18.0,4.62,35.0
Europe,Lithuania,2011,72.4,22900,21.7,4.49,34.7
Europe,Lithuania,2012,72.4,24000,19.4,4.51,34.8
Europe,Lithuania,2013,75.4,25100,19.5,4.53,35.6
Europe,Lithuania,2014,75.4,26300,19.0,4.59,36.6
Europe,Lithuania,2015,75.4,27000,20.6,4.82,37.0
Europe,Lithuania,2016,74.7,28000,17.2,4.93,37.4
Europe,Luxembourg,2006,91.0,91700,18.3,24.2,31.1
Europe,Luxembourg,2007,91.0,97900,19.2,24.7,31.3
Europe,Luxembourg,2008,91.0,94900,20.7,24.7,31.3
Europe,Luxembourg,2009,89.9,89100,16.2,25.1,31.5
Europe,Luxembourg,2010,88.8,91700,17.9,25.0,32.1
Europe,Luxembourg,2011,88.8,92000,19.4,24.6,32.0
Europe,Luxembourg,2012,88.8,89500,19.4,25.7,32.0
Europe,Luxembourg,2013,88.8,90700,19.0,25.9,32.7
Europe,Luxembourg,2014,88.8,92300,18.8,25.6,33.0
Europe,Luxembourg,2015,88.8,93700,18.1,25.0,32.9
Europe,Luxembourg,2016,88.1,93900,17.9,25.7,33.3
Europe,Malta,2006,83.9,26700,21.3,60.2,28.5
Europe,Malta,2007,83.9,27700,21.0,62.9,28.9
Europe,Malta,2008,83.9,28400,21.7,26.1,29.1
Europe,Malta,2009,83.3,27500,20.8,26.5,29.3
Europe,Malta,2010,82.8,28300,23.6,26.1,29.4
Europe,Malta,2011,82.8,28600,19.4,26.1,29.3
Europe,Malta,2012,82.8,29100,18.0,26.4,29.1
Europe,Malta,2013,82.8,30000,19.0,26.8,29.2
Europe,Malta,2014,83.9,31900,17.7,26.9,29.2
Europe,Malta,2015,83.9,34500,23.9,25.6,29.2
Europe,Malta,2016,83.9,35600,23.1,26.2,29.3
Europe,Moldova,2006,65.0,4210,32.7,19.6,35.2
Europe,Moldova,2007,65.0,4340,38.1,20.6,34.7
Europe,Moldova,2008,65.0,4690,39.2,20.4,33.9
Europe,Moldova,2009,64.2,4420,23.1,17.7,32.9
Europe,Moldova,2010,63.3,4730,23.5,18.2,31.9
Europe,Moldova,2011,63.3,5010,24.2,18.3,30.7
Europe,Moldova,2012,63.2,4980,23.6,18.6,29.4
Europe,Moldova,2013,63.2,5440,24.7,18.4,28.4
Europe,Moldova,2014,63.2,5710,26.1,19.8,27.6
Europe,Moldova,2015,63.5,5700,22.7,19.5,27.0
Europe,Moldova,2016,60.1,5950,22.3,19.3,26.6
Europe,North Macedonia,2006,63.3,9850,21.4,18.1,42.2
Europe,North Macedonia,2007,62.7,10500,23.7,19.1,43.1
Europe,North Macedonia,2008,62.1,11000,27.9,18.5,43.2
Europe,North Macedonia,2009,61.9,11000,25.7,17.1,42.7
Europe,North Macedonia,2010,61.6,11400,24.5,16.9,41.5
Europe,North Macedonia,2011,61.6,11600,26.9,17.0,39.7
Europe,North Macedonia,2012,61.6,11500,28.9,16.4,38.3
Europe,North Macedonia,2013,61.6,11900,28.8,15.7,37.3
Europe,North Macedonia,2014,62.5,12300,30.3,16.2,36.4
Europe,North Macedonia,2015,60.2,12800,30.4,16.8,35.8
Europe,North Macedonia,2016,52.3,13100,32.6,16.8,35.6
Europe,Netherlands,2006,96.6,45300,21.5,21.8,29.6
Europe,Netherlands,2007,96.0,46900,22.3,21.9,29.2
Europe,Netherlands,2008,95.3,47700,22.4,21.4,28.9
Europe,Netherlands,2009,92.6,45700,20.9,21.0,28.5
Europe,Netherlands,2010,89.9,46100,20.4,21.3,28.1
Europe,Netherlands,2011,89.9,46600,20.5,20.4,27.8
Europe,Netherlands,2012,89.9,45900,19.2,19.6,28.0
Europe,Netherlands,2013,88.4,45800,18.2,19.9,28.1
Europe,Netherlands,2014,89.2,46200,18.5,20.9,28.2
Europe,Netherlands,2015,89.2,46900,19.9,21.5,28.3
Europe,Netherlands,2016,88.0,47700,20.1,22.2,28.3
Europe,Norway,2006,95.5,63900,24.2,28.9,28.5
Europe,Norway,2007,96.2,65100,27.3,28.1,27.4
Europe,Norway,2008,96.8,64600,26.1,27.9,26.5
Europe,Norway,2009,97.4,62700,24.7,25.9,26.3
Europe,Norway,2010,98.0,62400,25.4,26.8,26.0
Europe,Norway,2011,98.0,62100,25.9,27.7,25.9
Europe,Norway,2012,99.3,63000,26.5,27.0,26.0
Europe,Norway,2013,99.3,62900,27.9,25.1,26.3
Europe,Norway,2014,99.3,63400,28.1,23.5,26.8
Europe,Norway,2015,99.3,64000,27.6,22.1,27.1
Europe,Norway,2016,99.3,64200,29.3,22.0,27.4
Europe,Poland,2006,73.0,18300,21.7,17.2,34.7
Europe,Poland,2007,73.0,19600,25.2,18.1,34.0
Europe,Poland,2008,73.0,20400,24.7,18.2,33.6
Europe,Poland,2009,71.8,21000,20.6,15.9,33.4
Europe,Poland,2010,70.5,21800,21.3,16.5,33.2
Europe,Poland,2011,71.2,22900,22.4,16.7,33.0
Europe,Poland,2012,71.2,23200,21.0,16.0,32.8
Europe,Poland,2013,71.2,23600,19.0,15.6,32.6
Europe,Poland,2014,74.7,24400,20.4,15.5,32.1
Europe,Poland,2015,70.9,25300,20.5,15.6,31.7
Europe,Poland,2016,68.3,26100,19.6,16.2,31.3
Europe,Portugal,2006,81.6,27000,23.2,21.1,37.8
Europe,Portugal,2007,81.0,27600,23.1,21.3,37.0
Europe,Portugal,2008,80.5,27600,23.6,21.0,36.4
Europe,Portugal,2009,80.3,26700,20.8,19.2,36.1
Europe,Portugal,2010,80.2,27200,21.1,19.7,36.0
Europe,Portugal,2011,78.1,26800,18.6,21.2,35.9
Europe,Portugal,2012,79.2,25800,15.7,20.9,36.0
Europe,Portugal,2013,76.5,25700,14.6,22.8,35.9
Europe,Portugal,2014,77.9,26000,15.3,22.7,35.8
Europe,Portugal,2015,77.9,26600,15.8,22.9,35.7
Europe,Portugal,2016,78.6,27200,15.5,22.5,35.5
Europe,Romania,2006,70.6,15700,27.2,17.7,32.4
Europe,Romania,2007,70.6,17100,31.1,17.4,32.7
Europe,Romania,2008,70.6,19000,33.2,16.8,33.1
Europe,Romania,2009,68.3,18100,26.6,15.4,32.4
Europe,Romania,2010,66.0,17500,27.1,16.6,32.0
Europe,Romania,2011,65.4,17900,28.0,18.0,31.9
Europe,Romania,2012,65.4,18400,26.8,17.9,32.7
Europe,Romania,2013,65.4,19100,25.6,17.6,33.5
Europe,Romania,2014,66.8,19800,24.7,17.9,32.9
Europe,Romania,2015,66.8,20700,25.2,18.9,32.1
Europe,Romania,2016,66.2,21800,24.0,16.8,31.4
Europe,Russia,2006,50.2,21000,21.2,16.6,41.3
Europe,Russia,2007,47.5,22800,24.2,16.6,41.2
Europe,Russia,2008,44.8,24000,25.5,15.8,40.8
Europe,Russia,2009,43.7,22100,18.9,13.0,40.6
Europe,Russia,2010,42.6,23300,22.6,13.0,40.3
Europe,Russia,2011,39.2,24300,24.4,13.9,40.1
Europe,Russia,2012,37.4,25200,24.5,13.7,40.2
Europe,Russia,2013,35.9,25600,23.1,12.9,39.8
Europe,Russia,2014,33.9,25300,22.2,13.2,39.4
Europe,Russia,2015,33.1,24500,21.9,10.6,38.8
Europe,Russia,2016,32.4,24400,22.8,9.13,38.2
Europe,Serbia,2007,65.5,12800,29.1,22.8,30.1
Europe,Serbia,2008,64.9,13500,30.3,22.4,28.6
Europe,Serbia,2009,64.1,13200,19.4,21.2,29.5
Europe,Serbia,2010,63.3,13400,18.5,21.4,31.8
Europe,Serbia,2011,63.3,13700,20.1,20.2,33.1
Europe,Serbia,2012,63.3,13700,21.0,19.7,35.4
Europe,Slovak Republic,2006,74.0,21700,28.8,16.8,27.4
Europe,Slovak Republic,2007,73.7,24100,28.5,16.7,27.1
Europe,Slovak Republic,2008,73.3,25400,28.7,16.4,26.7
Europe,Slovak Republic,2009,73.4,24000,21.1,15.5,26.7
Europe,Slovak Republic,2010,73.5,25200,24.0,15.0,26.6
Europe,Slovak Republic,2011,73.5,25800,25.0,15.5,26.9
Europe,Slovak Republic,2012,73.5,26200,20.9,15.0,26.8
Europe,Slovak Republic,2013,73.5,26600,21.0,15.9,26.7
Europe,Slovak Republic,2014,73.5,27300,22.0,16.7,26.7
Europe,Slovak Republic,2015,72.9,28400,24.2,17.6,26.7
Europe,Slovak Republic,2016,72.9,29200,22.6,17.4,26.4
Europe,Slovenia,2006,79.6,28400,30.2,20.8,24.4
Europe,Slovenia,2007,79.6,30200,32.9,20.0,24.4
Europe,Slovenia,2008,79.6,31100,32.7,19.4,24.4
Europe,Slovenia,2009,78.3,28500,23.4,18.0,24.5
Europe,Slovenia,2010,76.9,28700,22.2,18.1,24.8
Europe,Slovenia,2011,77.6,28800,21.7,17.9,25.3
Europe,Slovenia,2012,78.8,28000,18.7,18.0,25.5
Europe,Slovenia,2013,78.8,27600,19.5,18.0,25.6
Europe,Slovenia,2014,75.7,28400,19.6,18.2,25.7
Europe,Slovenia,2015,75.7,29000,19.4,18.5,25.6
Europe,Slovenia,2016,75.1,29900,18.7,18.6,25.5
Europe,Spain,2006,83.4,33700,31.3,16.1,33.5
Europe,Spain,2007,84.0,34300,31.3,16.7,33.9
Europe,Spain,2008,84.5,34200,29.6,13.3,34.4
Europe,Spain,2009,83.0,32700,24.6,11.0,34.8
Europe,Spain,2010,81.6,32500,23.5,13.0,35.1
Europe,Spain,2011,80.2,32100,21.9,12.4,35.5
Europe,Spain,2012,80.2,31100,20.0,12.2,35.7
Europe,Spain,2013,80.2,30700,18.7,14.0,35.9
Europe,Spain,2014,80.5,31200,19.5,14.3,36.0
Europe,Spain,2015,83.0,32400,20.4,14.4,36.2
Europe,Spain,2016,83.0,33400,20.5,13.8,36.2
Europe,Sweden,2006,98.8,43000,23.0,28.5,26.9
Europe,Sweden,2007,98.8,44100,24.6,28.4,27.1
Europe,Sweden,2008,98.8,43500,24.5,27.0,27.3
Europe,Sweden,2009,96.9,40900,20.9,26.9,27.6
Europe,Sweden,2010,95.0,43000,22.9,27.1,27.7
Europe,Sweden,2011,95.0,43800,23.8,26.5,27.8
Europe,Sweden,2012,97.3,43400,22.6,26.1,28.0
Europe,Sweden,2013,97.3,43500,22.5,26.2,28.3
Europe,Sweden,2014,97.3,44200,23.4,26.3,28.6
Europe,Sweden,2015,94.5,45700,24.3,27.0,28.8
Europe,Sweden,2016,93.9,46300,24.7,27.7,28.9
Europe,Switzerland,2006,90.2,54500,25.2,9.52,34.1
Europe,Switzerland,2007,90.8,56300,24.3,9.36,33.7
Europe,Switzerland,2008,91.5,56800,25.3,9.91,33.5
Europe,Switzerland,2009,91.2,54800,26.2,9.68,33.0
Europe,Switzerland,2010,90.9,55900,23.9,9.72,32.5
Europe,Switzerland,2011,90.9,56200,26.7,9.65,32.2
Europe,Switzerland,2012,90.9,56200,24.4,9.52,32.2
Europe,Switzerland,2013,90.9,56500,22.5,9.6,32.1
Europe,Switzerland,2014,90.9,57200,23.2,9.4,32.2
Europe,Switzerland,2015,90.9,57300,23.1,9.85,32.4
Europe,Switzerland,2016,90.9,57600,23.1,9.77,32.4
Europe,Turkey,2008,56.9,17800,28.9,17.7,39.0
Europe,Turkey,2009,57.1,16800,23.0,18.3,39.1
Europe,Turkey,2010,57.3,18000,27.0,19.4,39.4
Europe,Turkey,2011,57.3,19700,31.3,18.7,39.6
Europe,Turkey,2012,57.6,20300,28.3,18.4,40.1
Europe,Turkey,2013,56.3,21600,29.8,18.5,40.9
Europe,Turkey,2014,51.2,22300,29.0,18.1,41.3
Europe,Turkey,2015,51.2,23300,28.4,18.2,41.6
Europe,Turkey,2016,50.4,23700,28.2,18.3,41.9
Europe,Ukraine,2006,69.4,7870,24.8,17.7,28.3
Europe,Ukraine,2007,69.4,8520,26.7,16.5,27.6
Europe,Ukraine,2008,69.4,8770,27.9,17.9,26.7
Europe,Ukraine,2009,66.2,7510,17.1,16.4,25.7
Europe,Ukraine,2010,63.0,7820,20.9,15.6,25.2
Europe,Ukraine,2011,59.4,8280,22.4,18.5,24.8
Europe,Ukraine,2012,59.1,8320,21.7,18.3,24.5
Europe,Ukraine,2013,58.4,8340,18.5,17.6,24.7
Europe,Ukraine,2014,54.2,8240,13.4,17.3,24.8
Europe,Ukraine,2015,57.0,7470,15.9,20.5,24.8
Europe,Ukraine,2016,57.0,7680,21.5,19.6,24.9
Europe,United Kingdom,2006,80.8,37800,17.6,25.7,34.9
Europe,United Kingdom,2007,81.2,38500,18.1,25.9,34.6
Europe,United Kingdom,2008,81.5,38100,17.0,26.5,34.6
Europe,United Kingdom,2009,81.5,36200,14.4,24.2,34.3
Europe,United Kingdom,2010,81.6,36500,15.7,25.4,33.7
Europe,United Kingdom,2011,81.6,36800,15.6,26.1,33.5
Europe,United Kingdom,2012,82.1,37100,15.8,25.2,33.4
Europe,United Kingdom,2013,83.1,37600,16.4,25.2,33.2
Europe,United Kingdom,2014,83.1,38400,17.1,24.9,33.2
Europe,United Kingdom,2015,83.1,39000,17.0,25.2,33.4
Europe,United Kingdom,2016,83.6,39400,17.0,25.6,33.4
Oceania,Australia,2006,90.9,39500,27.6,24.6,34.7
Oceania,Australia,2007,90.9,40700,27.5,24.1,34.9
Oceania,Australia,2008,90.9,41400,28.6,24.3,35.0
Oceania,Australia,2009,91.5,41300,27.3,22.1,34.2
Oceania,Australia,2010,92.2,41500,26.8,20.6,33.6
Oceania,Australia,2011,92.2,42000,26.4,20.4,32.9
Oceania,Australia,2012,92.2,42800,27.6,21.2,32.4
Oceania,Australia,2013,91.3,43200,27.8,22.1,31.9
Oceania,Australia,2014,90.1,43700,26.7,22.0,32.2
Oceania,Australia,2015,90.1,44100,26.1,22.0,32.3
Oceania,Australia,2016,90.1,44600,25.3,22.3,32.3
Oceania,New Zealand,2006,90.1,32400,23.7,32.0,32.8
Oceania,New Zealand,2007,91.0,33100,24.8,30.1,32.7
Oceania,New Zealand,2008,91.9,32500,22.7,31.5,32.6
Oceania,New Zealand,2009,92.3,32100,19.7,29.6,33.1
Oceania,New Zealand,2010,92.6,32200,20.1,26.1,33.2
Oceania,New Zealand,2011,92.6,32700,20.4,25.6,33.2
Oceania,New Zealand,2012,92.6,33300,20.9,26.8,33.5
Oceania,New Zealand,2013,92.6,33900,22.0,26.6,34.0
Oceania,New Zealand,2014,92.6,34600,22.9,26.8,34.0
Oceania,New Zealand,2015,92.6,35200,23.4,27.4,34.5
Oceania,New Zealand,2016,92.6,35700,24.4,27.2,34.8
