Line number,Entity type,Payee name,Payee state,Date,Amount,Purpose
SB23,ORG,GILES-PARSCALE,Tex.,Feb. 2,"$555,974.88",DIGITAL CONSULTING/ONLINE ADVERTISING
SB23,ORG,AMERICAN EXPRESS,N.J.,Feb. 3,"$469,712.79",CREDIT CARD PAYMENT: SEE MEMO ENTRIES
SB23,ORG,"ACE SPECIALTIES, LLC",La.,Jan. 31,"$394,358.60",COLLATERAL: TSHIRTS/MUGS/STICKERS/FREIGHT
SB23,ORG,AMERICAN EXPRESS,N.J.,Feb. 3,"$378,146.13",CREDIT CARD PAYMENT: SEE MEMO ENTRIES
SB23,ORG,GILES-PARSCALE,Tex.,Jan. 25,"$340,224.42",DIGITAL CONSULTING/ONLINE ADVERTISING
SB24,COM,TRUMP MAKE AMERICA GREAT AGAIN COMMITTEE,Mass.,Jan. 9,"$310,553.45",RETURN OF EXCESS FUNDS
SB23,ORG,GILES-PARSCALE,Tex.,March 1,"$243,164.34",DIGITAL CONSULTING/ONLINE ADVERTISING
SB23,ORG,GILES-PARSCALE,Tex.,Jan. 9,"$229,705.67",DIGITAL CONSULTING/ONLINE ADVERTISING
SB23,ORG,"ACE SPECIALTIES, LLC",La.,Feb. 1,"$209,039.11",COLLATERAL: TSHIRTS/MUGS/STICKERS/FREIGHT
SB23,ORG,JONES DAY,D.C.,March 31,"$184,550.17",LEGAL CONSULTING
SB23,ORG,TRUMP TOWER COMMERCIAL LLC,N.Y.,Feb. 22,"$158,996.39",RENT
SB23,ORG,"ACE SPECIALTIES, LLC",La.,March 13,"$137,982.03",COLLATERAL: TSHIRTS/MUGS/STICKERS/FREIGHT
SB23,ORG,"PRIVATE JET SERVICES, LLC",N.H.,Jan. 10,"$134,986.04",TRAVEL: AIR
SB23,ORG,GILES-PARSCALE,Tex.,Feb. 13,"$130,269.20",DIGITAL CONSULTING/ONLINE ADVERTISING
SB23,ORG,"ACE SPECIALTIES, LLC",La.,Jan. 9,"$103,641.68",COLLATERAL: TSHIRTS/MUGS/STICKERS/FREIGHT
SB23,ORG,"ACE SPECIALTIES, LLC",La.,Feb. 10,"$101,696.76",COLLATERAL: TSHIRTS/MUGS/STICKERS/FREIGHT
SB23,ORG,"AON RISK SERVICES NORTHEAST, INC.",N.Y.,Jan. 9,"$91,209.95",INSURANCE
SB23,ORG,RED CURVE SOLUTIONS,Mass.,Jan. 9,"$78,150.55",DATA MAINTENANCE SERVICES
SB23,ORG,TRUMP TOWER COMMERCIAL LLC,N.Y.,Jan. 10,"$75,123.75",RENT
SB23,ORG,GAGE GROUP - G2 ANALYTICS,Va.,Jan. 31,"$74,583.00",POLLING EXPENSE
SB23,ORG,GILES-PARSCALE,Tex.,March 6,"$69,779.76",DIGITAL CONSULTING/ONLINE ADVERTISING
SB23,ORG,AMERICAN AUDIO VISUAL,Fla.,Feb. 23,"$66,838.50",AUDIO VISUAL SERVICES
SB23,ORG,"LOUD AND CLEAR, INC.",Ohio,March 24,"$54,023.36",AUDIO VISUAL SERVICES
SB23,ORG,"VAN HOY, REUTLINGER, ADAMS & DUNN, PLLC",N.C.,Feb. 15,"$50,603.75",LEGAL CONSULTING
SB23,ORG,"AON RISK SERVICES NORTHEAST, INC.",N.Y.,Feb. 17,"$50,000.00",INSURANCE
SB23,ORG,NATIONBUILDER,Calif.,March 20,"$49,000.00",WEBSITE HOSTING
SB23,ORG,CALI-FAME,Calif.,Jan. 12,"$48,690.00",COLLATERAL: CAPS/DELIVERY SERVICES
SB23,ORG,"EVENT RESOURCE GROUP, INC.",Fla.,Jan. 31,"$48,458.52",AUDIO VISUAL SERVICES
SB23,ORG,STRIPE,Calif.,Feb. 10,"$47,653.23",MERCHANT FEE
SB23,ORG,CALI-FAME,Calif.,Feb. 27,"$41,742.52",COLLATERAL: CAPS/DELIVERY SERVICES
SB23,ORG,"TMONE, LLC DBA MASS MARKETS",Iowa,Feb. 3,"$41,245.84",TELEMARKETING SERVICES
SB23,ORG,METROPOLITAN AUDITORIUM COMMISSION,Tenn.,March 8,"$40,579.00",FACILITY RENTAL
SB23,ORG,"U.S. SECURITY ASSOCIATES, INC.",Ga.,March 13,"$40,539.59",SECURITY SERVICES
SB23,ORG,TRUMP TOWER COMMERCIAL LLC,N.Y.,March 13,"$39,892.89",RENT
SB23,ORG,BMI,Tenn.,Feb. 10,"$39,786.14",MUSIC LICENSING
SB23,ORG,SYNERGETIC,Pa.,"Dec. 13, 2016","$37,080.00",AUDIO VISUAL SERVICES [AMEX: SB23.230979]
SB23,ORG,CALI-FAME,Calif.,March 13,"$35,589.44",COLLATERAL: TSHIRTS/MUGS/STICKERS/FREIGHT
SB23,ORG,STRIPE,Calif.,Jan. 13,"$35,143.70",MERCHANT FEE
SB23,ORG,NATIONBUILDER,Calif.,Jan. 7,"$35,000.00",WEB HOSTING [AMEX: SB23.230979]
SB23,ORG,"ACE SPECIALTIES, LLC",La.,Feb. 22,"$34,190.95",COLLATERAL: TSHIRTS/MUGS/STICKERS/FREIGHT
SB23,ORG,ARENSON OFFICE FURNISHINGS INC.,N.Y.,Feb. 1,"$33,148.95",OFFICE FURNITURE
SB23,ORG,"ACE SPECIALTIES, LLC",La.,March 29,"$30,023.81",COLLATERAL: TSHIRTS/MUGS/STICKERS/FREIGHT
SB23,ORG,AIR CHARTER TEAM,Mo.,Jan. 9,"$29,236.15",TRAVEL: AIR
SB23,ORG,BANNON STRATEGIC ADVISORS,Calif.,Jan. 25,"$28,150.54",ADMINISTRATIVE ASSISTANT/SECRETARIAL SERVICES
SB23,ORG,"BLACKHAWK AUDIO, INC.",Tenn.,March 20,"$27,530.00",EVENT STAGING EXPENSE
SB23,ORG,CALI-FAME,Calif.,Jan. 9,"$25,432.00",COLLATERAL: CAPS/DELIVERY SERVICES
SB23,ORG,WISCONSIN EXPOSITION CENTER,Wis.,"Dec. 8, 2016","$24,858.23",FACILITY RENTAL [AMEX: SB23.230979]
SB23,ORG,RED CURVE SOLUTIONS,Mass.,Feb. 21,"$24,486.25",DATA MAINTENANCE SERVICES
SB23,ORG,JAMESTOWN ASSOCIATES,N.J.,March 17,"$24,000.00",VIDEO PRODUCTION SERVICES
SB23,ORG,"ACE SPECIALTIES, LLC",La.,March 28,"$23,570.55",COLLATERAL: TSHIRTS/MUGS/STICKERS/FREIGHT
SB23,ORG,DEPARTMENT OF TREASURY,D.C.,March 31,"$22,570.30",TRAVEL: AIR
SB23,ORG,TRUMP INTERNATIONAL HOTEL AND TOWER,Ill.,"Dec. 13, 2016","$21,843.92",TRAVEL: LODGING [AMEX: SB23.230980]
SB23,ORG,DEPARTMENT OF TREASURY,D.C.,March 31,"$20,059.31",TRAVEL: AIR
SB23,ORG,IOWA EVENTS CENTER,Iowa,"Dec. 6, 2016","$20,000.00",FACILITY RENTAL [AMEX: SB23.230979]
SB23,ORG,IOWA EVENTS CENTER,Iowa,"Dec. 14, 2016","$19,893.86",FACILITY RENTAL [AMEX: SB23.230979]
SB23,ORG,ERNEST F. LADD MEMORIAL STADIUM,Ala.,Jan. 10,"$19,627.25",FACILITY RENTAL
SB23,IND,"LITTLEFAIR, JAMES",Calif.,Jan. 13,"$18,594.27",EVENT CONSULTING
SB23,ORG,MARRIOTT HOTELS,Md.,"Nov. 30, 2016","$18,079.99",TRAVEL: LODGING [AMEX: SB23.230979]
SB23,ORG,MARRIOTT HOTELS,Md.,"Dec. 30, 2016","$17,493.59",TRAVEL: LODGING [AMEX: SB23.230979]
SB23,ORG,CALI-FAME,Calif.,Jan. 13,"$17,490.00",COLLATERAL: CAPS/DELIVERY SERVICES
SB23,ORG,BRIDGESTREET GLOBAL HOSPITALITY,Va.,"Dec. 5, 2016","$17,212.94",TRAVEL: LODGING [AMEX: SB23.230980]
SB23,ORG,CITY OF TOLEDO,Ohio,Jan. 10,"$17,011.00",SECURITY SERVICES
SB23,ORG,REVV LLC,D.C.,Feb. 17,"$16,572.97",MERCHANT FEE
SB23,ORG,MEADOWS PRODUCTIONS,Tex.,Jan. 9,"$15,977.42",EVENT CONSULTING
SB24,COM,TRUMP VICTORY,Mass.,Jan. 9,"$15,289.44",RETURN OF EXCESS FUNDS
SB23,IND,"UNES, TIM",Va.,March 13,"$15,000.00",EVENT CONSULTING
SB23,ORG,THE ECONOMIC CLUB OF NEW YORK,N.Y.,Jan. 13,"$14,850.00",EVENT REGISTRATION FEE
SB23,ORG,REVV LLC,D.C.,Jan. 9,"$14,659.44",MERCHANT FEE
SB23,ORG,"SCAVINO & ASSOCIATES, LLC",N.Y.,Feb. 13,"$14,500.00",STRATEGY CONSULTING
SB23,ORG,TRUMP INTERNATIONAL HOTEL LAS VEGAS,Nev.,Feb. 10,"$13,828.09",FACILITY RENTAL/CATERING SERVICES
SB23,ORG,STRIPE,Calif.,March 10,"$13,561.00",MERCHANT FEE
SB23,ORG,"U.S. SECURITY ASSOCIATES, INC.",Ga.,March 28,"$13,142.30",SECURITY SERVICES
SB23,ORG,XMARK LLC,Conn.,Jan. 9,"$12,683.11",SECURITY SERVICES
SB23,ORG,INSPERITY,Tex.,Jan. 12,"$12,556.23",PAYROLL TAXES/FEES
SB23,IND,"GRISHAM, STEPHANIE",Ariz.,Jan. 9,"$12,050.00",EVENT CONSULTING
SB23,ORG,KENTUCKY STATE FAIR BOARD,Ky.,March 13,"$12,000.00",FACILITY RENTAL
SB23,IND,"KILLION, WILLIAM K",Md.,Feb. 14,"$11,992.57",FIELD CONSULTING
SB23,ORG,HILTON HOTELS,Va.,Jan. 12,"$11,987.99",TRAVEL: LODGING [AMEX: SB23.230979]
SB23,ORG,CALI-FAME,Calif.,March 24,"$11,142.29",COLLATERAL: TSHIRTS/MUGS/STICKERS/FREIGHT
SB23,IND,"WARDELL, JONATHON",Conn.,Jan. 10,"$11,000.00",FIELD CONSULTING
SB23,ORG,NATIONBUILDER,Calif.,Jan. 5,"$10,800.00",WEB HOSTING [AMEX: SB23.230979]
SB23,ORG,NATIONBUILDER,Calif.,Jan. 9,"$10,800.00",WEB HOSTING [AMEX: SB23.230979]
SB23,ORG,CALI-FAME,Calif.,Feb. 17,"$10,800.00",COLLATERAL: CAPS/DELIVERY SERVICES
SB23,ORG,"W. S. RUSSELL CONSULTING, LLC",D.C.,Jan. 13,"$10,742.49",EVENT CONSULTING
SB23,IND,"OSBORNE, JASON",Va.,Jan. 10,"$10,561.42",FIELD CONSULTING & EXPENSES: ITEMIZATION BELOW IF REQUIRED
SB23,IND,"WILES, CAROLINE",Fla.,Feb. 9,"$10,500.00",FIELD CONSULTING
SB23,ORG,BRIDGESTREET GLOBAL HOSPITALITY,Va.,"Dec. 5, 2016","$10,061.55",TRAVEL: LODGING [AMEX: SB23.230980]
SB23,IND,"GLASSNER, MICHAEL",N.Y.,Jan. 12,"$10,000.00",PAYROLL
SB23,IND,"GLASSNER, MICHAEL",N.Y.,March 16,"$10,000.00",PAYROLL
SB23,IND,"GLASSNER, MICHAEL",N.Y.,Feb. 28,"$10,000.00",PAYROLL
SB23,IND,"GLASSNER, MICHAEL",N.Y.,Feb. 15,"$10,000.00",PAYROLL
SB23,IND,"GLASSNER, MICHAEL",N.Y.,March 16,"$10,000.00",PAYROLL
SB23,IND,"DOLLMAN, SEAN",N.Y.,March 16,"$10,000.00",PAYROLL
SB23,ORG,AEROMOD INTERNATIONAL,Fla.,Feb. 15,"$10,000.00",FACILITY RENTAL
SB23,IND,"GLASSNER, MICHAEL",N.Y.,March 30,"$10,000.00",PAYROLL
SB23,IND,"PARSCALE, BRADLEY",N.Y.,Jan. 12,"$10,000.00",PAYROLL
SB23,ORG,"HERA CONSULTING, LLC",Okla.,March 13,"$10,000.00",FIELD CONSULTING
SB23,IND,"GLASSNER, MICHAEL",N.Y.,Jan. 31,"$10,000.00",PAYROLL
SB23,IND,"PENCE, JOHN",N.Y.,March 16,"$10,000.00",PAYROLL
SB23,IND,"MILLER, BEN",Tenn.,Jan. 10,"$9,189.76",EVENT CONSULTING
SB23,ORG,HILTON HOTELS,Va.,"Dec. 23, 2016","$9,000.00",TRAVEL: LODGING [AMEX: SB23.230979]
SB23,ORG,BROADWAY DIGITAL LLC,Ky.,Feb. 23,"$8,954.00",EQUIPMENT RENTAL
SB23,ORG,INSPERITY,Tex.,Jan. 31,"$8,776.62",PAYROLL TAXES/FEES
SB23,ORG,"JM HILLER CONSULTING, LLC",Wis.,Jan. 31,"$8,743.00",EVENT CONSULTING
SB23,ORG,"BELKIN BURDEN WENIG & GOLDMAN, LLP",N.Y.,Feb. 10,"$8,434.08",LEGAL CONSULTING
SB23,ORG,RED CURVE SOLUTIONS,Mass.,March 2,"$8,011.80",DATA MANAGEMENT SERVICES
SB23,IND,"GRISHAM, STEPHANIE",Ariz.,Feb. 10,"$7,870.81",EVENT CONSULTING & EXPENSES: ITEMIZATIONS BELOW IF REQUIRED
SB23,ORG,K2PR,Wis.,Jan. 25,"$7,840.74",COMMUNICATIONS CONSULTING
SB23,ORG,GREATER COLUMBUS CONVENTION CENTER,Ohio,"Dec. 28, 2016","$7,691.19",FACILITY RENTAL [AMEX: SB23.230979]
SB23,ORG,VIP PROMPTING CORP,N.Y.,"Dec. 20, 2016","$7,559.61",EVENT STAGING EXPENSE [AMEX: SB23.230980]
SB23,ORG,"CUBE SERVICES, INC",Nev.,Jan. 10,"$7,516.08",EVENT STAGING EXPENSE
SB23,IND,"DOLLMAN, SEAN",N.Y.,March 30,"$7,500.00",PAYROLL
SB23,ORG,COLONIAL TRAILWAYS BUS COMPANY,Ala.,"Dec. 16, 2016","$7,500.00",TRAVEL: GROUND TRANSPORTATION [AMEX: SB23.230980]
SB23,IND,"DOLLMAN, SEAN",N.Y.,Feb. 15,"$7,500.00",PAYROLL
SB23,IND,"DOLLMAN, SEAN",N.Y.,March 16,"$7,500.00",PAYROLL
SB23,IND,"DOLLMAN, SEAN",N.Y.,Jan. 12,"$7,500.00",PAYROLL
SB23,IND,"DOLLMAN, SEAN",N.Y.,Feb. 28,"$7,500.00",PAYROLL
SB23,IND,"DOLLMAN, SEAN",N.Y.,Jan. 31,"$7,500.00",PAYROLL
SB23,ORG,BRIDGESTREET GLOBAL HOSPITALITY,Va.,"Dec. 5, 2016","$7,439.50",TRAVEL: LODGING [AMEX: SB23.230980]
SB23,ORG,BRIDGESTREET GLOBAL HOSPITALITY,Va.,"Dec. 5, 2016","$7,439.50",TRAVEL: LODGING [AMEX: SB23.230980]
SB23,ORG,MAIN LINE SPORTS CENTER,Pa.,Jan. 10,"$7,431.22",FACILITY RENTAL
SB23,ORG,BBC ABES LIMO AND TOURS,D.C.,Jan. 10,"$7,344.00",BUS RENTAL
SB23,ORG,TRUMP INTERNATIONAL GOLF CLUB,Fla.,"Dec. 21, 2016","$7,251.97",TRAVEL: LODGING [AMEX: SB23.230979]
SB23,IND,"WHITEHOUSE, JOSHUA",N.H.,Jan. 10,"$7,050.00",EVENT CONSULTING
SB23,IND,"GLASSNER, MICHAEL",N.J.,March 6,"$7,048.91",REIMBURSEMENT: ITEMIZATION BELOW IF REQUIRED
SB23,ORG,K2PR,Wis.,Jan. 3,"$6,783.36",COMMUNICATIONS CONSULTING
SB23,IND,"DOLLMAN, SEAN",Ariz.,Jan. 31,"$6,707.69",REIMBURSEMENT: ITEMIZATION BELOW IF REQUIRED
SB23,ORG,THE DELTAPLEX ARENA,Mich.,"Dec. 5, 2016","$6,695.00",FACILITY RENTAL [AMEX: SB23.230979]
SB23,ORG,GOOD TIME TOURS,Fla.,"Dec. 16, 2016","$6,650.00",TRAVEL: GROUND TRANSPORTATION [AMEX: SB23.230980]
SB23,IND,"ROBERTS, JULIE KAY",Tex.,Jan. 11,"$6,545.34",EVENT CONSULTING
SB23,ORG,"TMONE, LLC DBA MASS MARKETS",Iowa,March 1,"$6,542.97",TELEMARKETING
SB23,IND,"CASTELLANO, LUCIA",N.Y.,Jan. 12,"$6,500.00",PAYROLL
SB23,IND,"CASTELLANO, LUCIA",N.Y.,Jan. 31,"$6,500.00",PAYROLL
SB23,ORG,"ACE SPECIALTIES, LLC",La.,March 1,"$6,491.59",COLLATERAL: TSHIRTS/MUGS/STICKERS/FREIGHT
SB23,ORG,VIP PROMPTING CORP,N.Y.,"Dec. 13, 2016","$6,463.41",EVENT STAGING EXPENSE [AMEX: SB23.230980]
SB23,ORG,NC GLOBAL TRANSPARK AUTHORITY,N.C.,Jan. 25,"$6,288.00",EVENT CONSULTING
SB23,ORG,XMARK LLC,S.C.,Feb. 15,"$6,266.15",SECURITY SERVICES
SB23,IND,"SANDOVAL, CAMILO",N.Y.,Jan. 12,"$6,250.00",PAYROLL
SB23,ORG,"ACE SPECIALTIES, LLC",La.,March 8,"$6,222.52",COLLATERAL: TSHIRTS/MUGS/STICKERS/FREIGHT
SB23,ORG,FAIRMONT HOTEL,D.C.,Jan. 21,"$6,221.50",TRAVEL: LODGING [SB23.230993]
SB23,ORG,BRIDGESTREET GLOBAL HOSPITALITY,Va.,Jan. 26,"$6,166.76",TRAVEL: LODGING [AMEX: SB23.230980]
SB23,ORG,ROCK SPRINGS CENTER,N.C.,Jan. 25,"$6,033.95",FACILITY RENTAL [AMEX: SB23.230979]
SB23,ORG,TRUMP RESTAURANTS LLC,N.Y.,Feb. 17,"$5,912.42",FACILITY RENTAL/CATERING SERVICES
SB23,ORG,MEADOWS PRODUCTIONS,Tex.,March 6,"$5,780.65",EVENT CONSULTING
SB23,ORG,JONES DAY,D.C.,March 13,"$5,756.41",LEGAL CONSULTING
SB23,ORG,COLONIAL PARKING,D.C.,"Dec. 2, 2016","$5,562.89",PARKING SERVICES [AMEX: SB23.230979]
SB23,ORG,BRIDGESTREET GLOBAL HOSPITALITY,Va.,Jan. 26,"$5,552.56",TRAVEL: LODGING [AMEX: SB23.230980]
SB23,IND,"PARSCALE, BRADLEY",N.Y.,Jan. 31,"$5,538.24",PAYROLL
SB23,IND,"MILLER, BEN",Tenn.,Feb. 10,"$5,500.00",EVENT CONSULTING
SB23,ORG,ANDREA HANKS PHOTOGRAPHY LLC,Utah,Feb. 10,"$5,398.31",PHOTOGRAPHY SERVICES
SB23,ORG,STRIPE,Calif.,March 31,"$5,267.97",MERCHANT FEE
SB23,ORG,BRIDGESTREET GLOBAL HOSPITALITY,Va.,"Dec. 5, 2016","$5,138.06",TRAVEL: LODGING [AMEX: SB23.230980]
SB23,ORG,TRUMP INTERNATIONAL GOLF CLUB,Fla.,"Dec. 20, 2016","$5,088.44",TRAVEL: LODGING [AMEX: SB23.230979]
SB23,ORG,"ACE SPECIALTIES, LLC",La.,Feb. 22,"$5,069.42",COLLATERAL: TSHIRTS/MUGS/STICKERS/FREIGHT
SB23,IND,"PENCE, JOHN",N.Y.,March 30,"$5,000.00",PAYROLL
SB23,IND,"PENCE, JOHN",N.Y.,Feb. 28,"$5,000.00",PAYROLL
SB23,IND,"PENCE, JOHN",N.Y.,Jan. 12,"$5,000.00",PAYROLL
SB23,IND,"RICHARDSON, JAKE",N.Y.,March 16,"$5,000.00",PAYROLL
SB23,IND,"PENCE, JOHN",N.Y.,March 16,"$5,000.00",PAYROLL
SB23,IND,"PENCE, JOHN",N.Y.,Jan. 31,"$5,000.00",PAYROLL
SB23,IND,"ADAMS, ASHTON",N.Y.,March 16,"$5,000.00",PAYROLL
SB23,IND,"PENCE, JOHN",N.Y.,Feb. 15,"$5,000.00",PAYROLL
SB23,ORG,"ACE SPECIALTIES, LLC",La.,March 2,"$5,000.00",COLLATERAL: TSHIRTS/MUGS/STICKERS/FREIGHT
SB23,ORG,RINGCENTRAL,Calif.,Jan. 19,"$4,991.87",PHONE SERVICES [AMEX: SB23.230979]
SB23,ORG,REVV LLC,D.C.,March 17,"$4,970.38",MERCHANT FEE
SB23,ORG,BRIDGESTREET GLOBAL HOSPITALITY,Va.,"Dec. 5, 2016","$4,713.57",TRAVEL: LODGING [AMEX: SB23.230980]
SB23,ORG,"ACE SPECIALTIES, LLC",La.,March 15,"$4,703.07",COLLATERAL: TSHIRTS/MUGS/STICKERS/FREIGHT
SB23,ORG,TRUMP INTERNATIONAL GOLF CLUB,Fla.,"Dec. 21, 2016","$4,660.00",TRAVEL: LODGING [AMEX: SB23.230979]
SB23,ORG,XMARK LLC,Conn.,Jan. 10,"$4,625.00",SECURITY SERVICES
SB23,ORG,METROPOLITAN AUDITORIUM COMMISSION,Tenn.,March 24,"$4,607.72",FACILITY RENTAL
SB23,ORG,TRUMP INTERNATIONAL GOLF CLUB,Fla.,"Dec. 23, 2016","$4,480.00",TRAVEL: LODGING [AMEX: SB23.230979]
SB23,ORG,VIP PROMPTING CORP,N.Y.,"Dec. 13, 2016","$4,469.00",EVENT STAGING EXPENSE [AMEX: SB23.230980]
SB23,ORG,TRUMP INTERNATIONAL GOLF CLUB,Fla.,"Dec. 19, 2016","$4,404.80",TRAVEL: LODGING [AMEX: SB23.230979]
SB23,ORG,TRUMP INTERNATIONAL GOLF CLUB,Fla.,"Dec. 30, 2016","$4,376.03",TRAVEL: LODGING [AMEX: SB23.230979]
SB23,ORG,TRUMP INTERNATIONAL GOLF CLUB,Fla.,"Dec. 23, 2016","$4,376.03",TRAVEL: LODGING [AMEX: SB23.230979]
SB23,ORG,HOTELS.COM,Tex.,"Dec. 9, 2016","$4,215.50",TRAVEL: LODGING [AMEX: SB23.230980]
SB23,ORG,IOWA EVENTS CENTER,Iowa,"Dec. 9, 2016","$4,137.62",FACILITY RENTAL [AMEX: SB23.230979]
SB23,ORG,INSPERITY,Tex.,March 16,"$4,014.38",PAYROLL TAXES/FEES
SB23,IND,"BAPTISTE, THOMAS",N.Y.,Jan. 12,"$4,000.00",PAYROLL
SB28C,ORG,LAWRENCE CO REPUBLICAN COMMITTEE,Pa.,Feb. 8,"$4,000.00",CONTRIBUTION REFUND
SB23,IND,"ADAMS, ASHTON",N.Y.,Jan. 12,"$4,000.00",PAYROLL
SB23,ORG,WISCONSIN EXPOSITION CENTER,Wis.,Jan. 13,"$3,960.96",FACILITY RENTAL [AMEX: SB23.230979]
SB23,ORG,SHOPIFY,ZZ,"Dec. 10, 2016","$3,957.61",WEB HOSTING [AMEX: SB23.230979]
SB23,ORG,SHOPIFY,ZZ,Jan. 9,"$3,957.61",WEB HOSTING [AMEX: SB23.230979]
SB23,ORG,INSPERITY,Tex.,Feb. 15,"$3,934.75",PAYROLL TAXES/FEES
SB23,ORG,DEPARTMENT OF TREASURY,D.C.,March 31,"$3,915.32",TRAVEL: AIR
SB23,ORG,UNITED RENT ALL,N.J.,"Dec. 7, 2016","$3,879.40",MOVING SERVICES [AMEX: SB23.230979]
SB23,ORG,BRIDGESTREET GLOBAL HOSPITALITY,Va.,Jan. 27,"$3,839.74",TRAVEL: LODGING [AMEX: SB23.230980]
SB23,ORG,TRUMP INTERNATIONAL GOLF CLUB,Fla.,"Dec. 20, 2016","$3,792.83",TRAVEL: LODGING [AMEX: SB23.230979]
SB23,ORG,XMARK LLC,Conn.,Jan. 13,"$3,781.14",SECURITY SERVICES
SB23,IND,"RICHARDSON, JAKE",N.Y.,Jan. 12,"$3,750.00",PAYROLL
SB23,IND,"RICHARDSON, JAKE",N.Y.,Jan. 31,"$3,750.00",PAYROLL
SB23,IND,"TRIPEPI, TIM",Ohio,Jan. 13,"$3,724.67",EVENT CONSULTING
SB23,ORG,INSPERITY,Tex.,March 16,"$3,692.78",PAYROLL TAXES/FEES
SB23,ORG,U SAVE CAR & TRUCK RENTAL,N.Y.,"Dec. 18, 2016","$3,665.56",MOVING SERVICES [AMEX: SB23.230979]
SB23,ORG,BRIDGESTREET GLOBAL HOSPITALITY,Va.,Jan. 26,"$3,599.76",TRAVEL: LODGING [AMEX: SB23.230980]
SB23,ORG,TRUMP INTERNATIONAL GOLF CLUB,Fla.,"Dec. 22, 2016","$3,591.51",TRAVEL: LODGING [AMEX: SB23.230979]
SB23,ORG,INSPERITY,Tex.,Feb. 28,"$3,515.66",PAYROLL TAXES/FEES
SB23,ORG,INSPERITY,Tex.,March 30,"$3,514.31",PAYROLL TAXES/FEES
SB23,ORG,TRUMP INTERNATIONAL GOLF CLUB,Fla.,"Dec. 22, 2016","$3,506.92",TRAVEL: LODGING [AMEX: SB23.230979]
SB23,ORG,BRIDGESTREET GLOBAL HOSPITALITY,Va.,"Dec. 5, 2016","$3,480.62",TRAVEL: LODGING [AMEX: SB23.230980]
SB23,ORG,BRIDGESTREET GLOBAL HOSPITALITY,Va.,Jan. 27,"$3,447.06",TRAVEL: LODGING [AMEX: SB23.230980]
SB23,ORG,ARENSON OFFICE FURNISHINGS,N.Y.,Jan. 3,"$3,404.61",OFFICE FURNITURE [AMEX: SB23.230980]
SB23,ORG,HOTELS.COM,Tex.,"Nov. 30, 2016","$3,253.98",TRAVEL: LODGING [AMEX: SB23.230980]
SB23,ORG,DEPARTMENT OF TREASURY,D.C.,March 31,"$3,247.01",TRAVEL: AIR
SB23,ORG,"BBH SOLUTIONS, INC.",N.Y.,Jan. 10,"$3,184.60",WIRING INFRASTRUCTURE
SB23,ORG,STRIPE,Calif.,Jan. 31,"$3,174.89",MERCHANT FEE
SB23,ORG,VIP PROMPTING CORPORATION,N.Y.,Feb. 27,"$3,171.91",EVENT STAGING EXPENSE
SB23,ORG,VIP PROMPTING CORP,N.Y.,"Dec. 7, 2016","$3,163.00",EVENT STAGING EXPENSE [AMEX: SB23.230980]
SB23,ORG,BRIDGESTREET GLOBAL HOSPITALITY,Va.,"Dec. 5, 2016","$3,157.90",TRAVEL: LODGING [AMEX: SB23.230980]
SB23,IND,"DELGADO, ARLENE",Fla.,Feb. 21,"$3,145.00",COMMUNICATIONS CONSULTING
SB23,ORG,BRIDGESTREET GLOBAL HOSPITALITY,Va.,"Dec. 5, 2016","$3,092.26",TRAVEL: LODGING [AMEX: SB23.230980]
SB23,ORG,BRIDGESTREET GLOBAL HOSPITALITY,Va.,"Dec. 5, 2016","$3,092.26",TRAVEL: LODGING [AMEX: SB23.230980]
SB23,ORG,BRIDGESTREET GLOBAL HOSPITALITY,Va.,"Dec. 5, 2016","$3,092.26",TRAVEL: LODGING [AMEX: SB23.230980]
SB23,ORG,BRIDGESTREET GLOBAL HOSPITALITY,Va.,"Dec. 5, 2016","$3,092.26",TRAVEL: LODGING [AMEX: SB23.230980]
SB23,IND,"CENTINELLO, DARREN",N.Y.,Feb. 15,"$3,000.00",PAYROLL
SB23,IND,"OHAGAN, CHRISTOPHER",N.Y.,Jan. 12,"$3,000.00",PAYROLL
SB23,IND,"SMITH, JARED",N.Y.,Jan. 12,"$3,000.00",PAYROLL
SB23,IND,"CENTINELLO, DARREN",N.Y.,Jan. 31,"$3,000.00",PAYROLL
SB23,IND,"CENTINELLO, DARREN",N.Y.,March 30,"$3,000.00",PAYROLL
SB23,IND,"CENTINELLO, DARREN",N.Y.,March 16,"$3,000.00",PAYROLL
SB23,IND,"CENTINELLO, DARREN",N.Y.,Feb. 28,"$3,000.00",PAYROLL
SB23,ORG,BRIDGESTREET GLOBAL HOSPITALITY,Va.,Jan. 13,"$2,954.51",TRAVEL: LODGING [AMEX: SB23.230980]
SB23,ORG,"MKC GROUP, LLC",Iowa,Jan. 10,"$2,903.23",FIELD CONSULTING
SB23,IND,"SANDOVAL, CAMILO",N.Y.,Jan. 31,"$2,884.40",PAYROLL
SB23,ORG,FEDEX,Tenn.,"Dec. 9, 2016","$2,858.90",DELIVERY SERVICES [AMEX: SB23.230980]
SB23,ORG,BRIDGESTREET GLOBAL HOSPITALITY,Va.,"Dec. 6, 2016","$2,729.82",TRAVEL: LODGING [AMEX: SB23.230980]
SB23,ORG,BEARCOM,Tex.,Jan. 13,"$2,710.99",EQUIPMENT RENTAL [AMEX: SB23.230979]
SB23,ORG,AKA WHITE HOUSE,D.C.,Jan. 11,"$2,680.45",TRAVEL: LODGING [AMEX: SB23.230979]
SB23,ORG,HOTELS.COM,Tex.,"Dec. 10, 2016","$2,664.88",TRAVEL: LODGING [AMEX: SB23.230980]
SB23,IND,"WISENBAKER, GARY",Ga.,March 8,"$2,658.92",REIMBURSEMENT: ITEMIZATION BELOW IF REQUIRED
SB23,ORG,SPEEDPRO IMAGING,Iowa,March 3,"$2,650.00",PRINTING AND DESIGN SERVICES
SB23,ORG,FEDEX,Tenn.,"Dec. 7, 2016","$2,607.06",DELIVERY SERVICES [AMEX: SB23.230980]
SB23,ORG,HOTELS.COM,Tex.,Jan. 11,"$2,600.72",TRAVEL: LODGING [AMEX: SB23.230980]
SB23,ORG,HOTELS.COM,Tex.,Jan. 11,"$2,600.72",TRAVEL: LODGING [AMEX: SB23.230980]
SB23,IND,"KACMARYNSKI, MICHAEL",Iowa,Jan. 31,"$2,533.33",EVENT CONSULTING
SB23,ORG,TRUMP INTERNATIONAL GOLF CLUB,Fla.,"Dec. 22, 2016","$2,520.00",TRAVEL: LODGING [AMEX: SB23.230979]
SB23,ORG,MATCHPOINT STRATEGIES,Iowa,Feb. 21,"$2,500.00",FIELD CONSULTING
SB23,ORG,"ELITE TECHNOLOGY, INC",N.Y.,Jan. 9,"$2,480.81",EQUIPMENT RENTAL
SB23,ORG,FEDEX,Tenn.,Jan. 6,"$2,479.05",DELIVERY SERVICES [AMEX: SB23.230980]
SB23,ORG,"SCAVINO & ASSOCIATES, LLC",N.Y.,March 8,"$2,457.73",REIMBURSEMENT: ITEMIZATION BELOW IF REQUIRED
SB23,ORG,"BBH SOLUTIONS, INC.",N.Y.,Feb. 17,"$2,441.98",WIRING INFRASTRUCTURE
SB23,ORG,TRUMP INTERNATIONAL GOLF CLUB,Fla.,"Dec. 19, 2016","$2,408.54",TRAVEL: LODGING [AMEX: SB23.230979]
SB23,ORG,COMMUNICATIONS CORPORATION OF AMERICA,Va.,March 29,"$2,394.32",POSTAGE
SB23,ORG,HOTELS.COM,Tex.,"Nov. 28, 2016","$2,385.12",TRAVEL: LODGING [AMEX: SB23.230980]
SB23,ORG,RCQ HOTEL,Calif.,"Dec. 11, 2016","$2,369.97",TRAVEL: LODGING [AMEX: SB23.230980]
SB23,ORG,ARENSON OFFICE FURNISHINGS,N.Y.,Jan. 9,"$2,342.63",OFFICE FURNITURE [AMEX: SB23.230980]
SB23,ORG,HILTON HOTELS,Va.,"Nov. 29, 2016","$2,338.96",TRAVEL: LODGING [AMEX: SB23.230979]
SB23,ORG,HOTELS.COM,Tex.,Jan. 11,"$2,328.22",TRAVEL: LODGING [AMEX: SB23.230980]
SB23,ORG,BIG BEN TRANSPORTATION,N.Y.,Feb. 17,"$2,300.00",TRAVEL: GROUND TRANSPORTATION
SB23,IND,"GRISHAM, STEPHANIE",Ariz.,Jan. 3,"$2,266.65",REIMBURSEMENT: ITEMIZATION BELOW IF REQUIRED
SB23,ORG,STRIPE,Calif.,March 20,"$2,262.39",MERCHANT FEE
SB23,ORG,VIP PROMPTING CORP,N.Y.,"Dec. 12, 2016","$2,256.00",EVENT STAGING EXPENSE [AMEX: SB23.230980]
SB23,IND,"HARPER, DEVYN",N.Y.,Feb. 28,"$2,250.00",PAYROLL
SB23,IND,"HARPER, DEVYN",N.Y.,Jan. 31,"$2,250.00",PAYROLL
SB23,IND,"HARPER, DEVYN",N.Y.,Feb. 15,"$2,250.00",PAYROLL
SB23,IND,"HARPER, DEVYN",N.Y.,March 16,"$2,250.00",PAYROLL
SB23,IND,"HARPER, DEVYN",N.Y.,March 30,"$2,250.00",PAYROLL
SB23,ORG,NATIONAL CAR RENTAL,Mo.,"Dec. 9, 2016","$2,218.93",TRAVEL: CAR RENTAL [AMEX: SB23.230980]
SB23,ORG,HOTELS.COM,Tex.,"Nov. 30, 2016","$2,198.29",TRAVEL: LODGING [AMEX: SB23.230980]
SB23,IND,"MCGRATH, STEPHANIE K",N.Y.,Jan. 31,"$2,174.71",FIELD CONSULTING
SB23,ORG,RCQ HOTEL,Calif.,"Dec. 18, 2016","$2,122.48",TRAVEL: LODGING [AMEX: SB23.230980]
SB23,ORG,XMARK LLC,Conn.,Jan. 25,"$2,119.65",SECURITY SERVICES
SB23,ORG,EXECUSEARCH GROUP,N.Y.,"Dec. 1, 2016","$2,107.01",ADMINISTRATIVE CONSULTING [AMEX: SB23.230979]
SB23,ORG,U SAVE CAR & TRUCK RENTAL,N.Y.,Jan. 19,"$2,090.98",MOVING SERVICES [AMEX: SB23.230979]
SB23,ORG,AVIS,N.J.,"Nov. 30, 2016","$2,058.73",TRAVEL: CAR RENTAL [AMEX: SB23.230979]
SB23,ORG,COX COMMUNICATIONS,Ga.,Jan. 9,"$2,031.65",BROADBAND SERVICES [AMEX: SB23.230979]
SB23,ORG,COX COMMUNICATIONS,Ga.,"Dec. 10, 2016","$2,031.65",BROADBAND SERVICES [AMEX: SB23.230979]
SB23,IND,"KOPLEY, RUSSELL",N.Y.,Jan. 12,"$2,000.00",PAYROLL
SB23,IND,"BUDD, HUNTER",N.Y.,Jan. 12,"$2,000.00",PAYROLL
SB28C,ORG,WAYNE COUNTY REPUBLICAN COMMITTEE,Pa.,Feb. 8,"$2,000.00",CONTRIBUTION REFUND
SB23,ORG,POLITICAL SOCIAL MEDIA LLC,D.C.,Feb. 10,"$2,000.00",DIGITAL CONSULTING
SB23,ORG,VIRGIN AMERICA,Calif.,"Dec. 5, 2016","$1,998.10",TRAVEL: AIR [AMEX: SB23.230980]
SB23,ORG,TIME WARNER CABLE,N.Y.,"Dec. 14, 2016","$1,992.70",BROADBAND SERVICES [AMEX: SB23.230979]
SB23,ORG,HOTELS.COM,Tex.,"Dec. 12, 2016","$1,992.64",TRAVEL: LODGING [AMEX: SB23.230980]
SB23,IND,"RICHARDS, ROBIN",Va.,Feb. 1,"$1,992.16",FIELD CONSULTING & EXPENSE: ITEMIZATIONS BELOW IF REQUIRED
SB23,ORG,STRIPE,Calif.,Jan. 23,"$1,980.00",MERCHANT FEE
SB23,ORG,TRUMP INTERNATIONAL GOLF CLUB,Fla.,"Dec. 22, 2016","$1,974.16",TRAVEL: LODGING [AMEX: SB23.230979]
SB23,ORG,WILLIAMSBURG LODGE,Va.,"Nov. 28, 2016","$1,968.76",TRAVEL: LODGING [AMEX: SB23.230980]
SB23,ORG,CAMBRIDGE TRANSPORTATION CORP,Ill.,"Nov. 30, 2016","$1,964.00",TRAVEL: GROUND TRANSPORTATION [AMEX: SB23.230979]
SB23,ORG,"ACE SPECIALTIES, LLC",La.,Feb. 27,"$1,950.57",COLLATERAL: TSHIRTS/MUGS/STICKERS/FREIGHT
SB23,ORG,TRUMP INTERNATIONAL HOTEL AND TOWER,N.Y.,Feb. 10,"$1,936.98",FACILITY RENTAL/CATERING SERVICES
SB23,ORG,TRUMP NATIONAL DORAL,Fla.,"Dec. 8, 2016","$1,935.83",TRAVEL: LODGING [AMEX: SB23.230979]
SB28C,ORG,REPUBLICAN PARTY OF WAUKESHA COUNTY,Wis.,Feb. 8,"$1,920.00",CONTRIBUTION REFUND
SB23,ORG,HOTELS.COM,Tex.,"Dec. 1, 2016","$1,912.40",TRAVEL: LODGING [AMEX: SB23.230980]
SB23,ORG,HILTON HOTELS,Va.,Jan. 2,"$1,891.61",TRAVEL: LODGING [AMEX: SB23.230979]
SB23,ORG,STRIPE,Calif.,Jan. 6,"$1,860.00",MERCHANT FEE
SB23,IND,"ADAMS, ASHTON",N.Y.,Jan. 31,"$1,846.00",PAYROLL
SB23,IND,"BAPTISTE, THOMAS",N.Y.,Jan. 31,"$1,846.00",PAYROLL
SB23,ORG,APPLE,Calif.,"Sept. 24, 2016","$1,826.92",OFFICE SUPPLIES [SB23.230985]
SB23,ORG,TRUMP RESTAURANTS LLC,N.Y.,Feb. 24,"$1,795.63",FACILITY RENTAL/CATERING SERVICES
SB23,IND,"DEWITT, KOLBY",Iowa,March 15,"$1,790.95",REIMBURSEMENT: ITEMIZATION BELOW IF REQUIRED
SB23,ORG,"ACE SPECIALTIES, LLC",La.,Jan. 25,"$1,790.60",COLLATERAL: TSHIRTS/MUGS/STICKERS/FREIGHT
SB23,ORG,TRUMP INTERNATIONAL GOLF CLUB,Fla.,"Dec. 18, 2016","$1,785.59",TRAVEL: LODGING [AMEX: SB23.230979]
SB23,ORG,CALI-FAME,Calif.,March 8,"$1,767.82",COLLATERAL: TSHIRTS/MUGS/STICKERS/FREIGHT
SB23,ORG,HOTELS.COM,Tex.,Jan. 28,"$1,755.85",TRAVEL: LODGING [AMEX: SB23.230979]
SB23,ORG,SCIOTO COUNTY REPUBLICAN PARTY,Ohio,March 2,"$1,750.00",RENT & UTILITIES
SB23,ORG,HERTZ CAR RENTAL,N.J.,"Dec. 10, 2016","$1,744.15",TRAVEL: CAR RENTAL [AMEX: SB23.230980]
SB23,ORG,CALI-FAME,Calif.,Feb. 22,"$1,743.50",COLLATERAL: CAPS/DELIVERY SERVICES
SB23,ORG,LIONHEART,N.J.,March 6,"$1,739.08",EVENT STAGING EXPENSE
SB23,ORG,TRUMP INTERNATIONAL GOLF CLUB,Fla.,"Dec. 22, 2016","$1,717.53",TRAVEL: LODGING [AMEX: SB23.230979]
SB23,ORG,DELAWARE COUNTY FAIR,Ohio,Feb. 10,"$1,700.75",FACILITY RENTAL
SB23,ORG,TRUMP INTERNATIONAL GOLF CLUB,Fla.,"Dec. 19, 2016","$1,687.32",TRAVEL: LODGING [AMEX: SB23.230979]
SB23,IND,"FOSTER, BONNIE M",Wyo.,Jan. 25,"$1,682.32",REIMBURSEMENT: ITEMIZATION BELOW IF REQUIRED
SB23,IND,"HENDERSON, BRADY",S.C.,Feb. 2,"$1,665.84",EVENT CONSULTING
SB23,ORG,RCQ HOTEL,Calif.,"Dec. 2, 2016","$1,659.78",TRAVEL: LODGING [AMEX: SB23.230980]
SB23,ORG,PARTY RENTAL,N.H.,Jan. 10,"$1,624.97",EQUIPMENT RENTAL [AMEX: SB23.230980]
SB23,ORG,HOTELS.COM,Tex.,"Dec. 5, 2016","$1,615.74",TRAVEL: LODGING [AMEX: SB23.230980]
SB23,ORG,ARROW SECURITY,Ill.,Jan. 9,"$1,613.00",SECURITY SERVICES
SB23,ORG,HOTELS.COM,Tex.,"Dec. 8, 2016","$1,591.90",TRAVEL: LODGING [AMEX: SB23.230980]
SB23,IND,"KILLION, WILLIAM K",Md.,March 17,"$1,583.71",REIMBURSEMENT: ITEMIZATION BELOW IF REQUIRED
SB23,ORG,RCQ HOTEL,Calif.,"Dec. 28, 2016","$1,570.00",TRAVEL: LODGING [AMEX: SB23.230980]
SB23,ORG,NATIONAL CAR RENTAL,Mo.,"Nov. 30, 2016","$1,563.68",TRAVEL: CAR RENTAL [AMEX: SB23.230980]
SB23,ORG,HILTON HOTELS,Va.,"Dec. 10, 2016","$1,551.96",TRAVEL: LODGING [AMEX: SB23.230980]
SB23,ORG,COURTYARD,Pa.,"Nov. 28, 2016","$1,549.05",TRAVEL: LODGING [AMEX: SB23.230979]
SB23,ORG,HILTON HOTELS,Va.,"Dec. 10, 2016","$1,547.96",TRAVEL: LODGING [AMEX: SB23.230980]
SB23,IND,"HARPER, DEVYN",N.Y.,Jan. 19,"$1,547.00",PAYROLL
SB23,ORG,HILTON HOTELS,Va.,"Dec. 10, 2016","$1,543.96",TRAVEL: LODGING [AMEX: SB23.230980]
SB23,ORG,HILTON HOTELS,Va.,"Dec. 10, 2016","$1,541.96",TRAVEL: LODGING [AMEX: SB23.230980]
SB23,ORG,HOTELS.COM,Tex.,"Dec. 7, 2016","$1,531.20",TRAVEL: LODGING [AMEX: SB23.230980]
SB23,ORG,RCQ HOTEL,Calif.,Jan. 9,"$1,528.93",TRAVEL: LODGING [AMEX: SB23.230980]
SB23,ORG,CLUB QUARTERS,N.Y.,Jan. 19,"$1,519.06",TRAVEL: LODGING [AMEX: SB23.230980]
SB23,ORG,HILTON HOTELS,Va.,"Dec. 10, 2016","$1,513.23",TRAVEL: LODGING [AMEX: SB23.230980]
SB28C,ORG,LINCOLN COUNTY REPUBLICAN PARTY,Tenn.,Feb. 8,"$1,500.00",CONTRIBUTION REFUND
SB28C,ORG,LONOKE COUNTY REPUBLICAN COMMITTEE,Ark.,Feb. 8,"$1,500.00",CONTRIBUTION REFUND
SB23,ORG,NORTH STAR STRATEGIES,La.,March 1,"$1,493.48",EVENT CONSULTING
SB23,ORG,STRIPE,Calif.,Jan. 27,"$1,485.00",MERCHANT FEE
SB23,ORG,SUNNYS EXECUTIVE SEDAN SERVICES,Va.,Jan. 18,"$1,474.81",TRAVEL: GROUND TRANSPORTATION [AMEX: SB23.230980]
SB23,ORG,HOTELS.COM,Tex.,Jan. 17,"$1,472.09",TRAVEL: LODGING [AMEX: SB23.230979]
SB23,ORG,HERTZ CAR RENTAL,N.J.,"Dec. 2, 2016","$1,456.31",TRAVEL: CAR RENTAL [AMEX: SB23.230980]
SB23,ORG,SUNNYS EXECUTIVE SEDAN SERVICES,Va.,Jan. 18,"$1,454.85",TRAVEL: GROUND TRANSPORTATION [AMEX: SB23.230980]
SB23,ORG,AVIS,N.J.,Jan. 24,"$1,415.18",TRAVEL: CAR RENTAL [AMEX: SB23.230980]
SB23,ORG,CORPORATE COFFEE SYSTEMS,N.Y.,Feb. 10,"$1,401.49",OFFICE SUPPLIES
SB23,IND,"DEWITT, KOLBY",Iowa,March 15,"$1,399.68",TRAVEL: MILEAGE [SB23.230984]
SB23,IND,"PENCE, JOHN",N.Y.,March 21,"$1,390.14",REIMBURSEMENT: ITEMIZATION BELOW IF REQUIRED
SB23,ORG,AVIS,N.J.,"Nov. 29, 2016","$1,388.42",TRAVEL: CAR RENTAL [AMEX: SB23.230980]
SB23,IND,"CENTINELLO, DARREN",N.Y.,Jan. 31,"$1,384.40",PAYROLL
SB23,IND,"SMITH, JARED",N.Y.,Jan. 31,"$1,384.40",PAYROLL
SB23,IND,"OHAGAN, CHRISTOPHER",N.Y.,Jan. 31,"$1,384.40",PAYROLL
SB23,ORG,HOTELS.COM,Tex.,"Dec. 5, 2016","$1,376.60",TRAVEL: LODGING [AMEX: SB23.230980]
SB23,ORG,"ACE SPECIALTIES, LLC",La.,Feb. 24,"$1,364.06",COLLATERAL: TSHIRTS/MUGS/STICKERS/FREIGHT
SB23,ORG,CITY OF JACKSONVILLE,N.C.,March 27,"$1,350.00",FACILITY RENTAL
SB23,ORG,NATIONAL CAR RENTAL,Mo.,"Dec. 7, 2016","$1,336.26",TRAVEL: CAR RENTAL [AMEX: SB23.230980]
SB23,IND,"WEISER, BENJAMIN",N.Y.,Jan. 19,"$1,320.00",PAYROLL
SB23,ORG,HOTELS.COM,Tex.,"Dec. 9, 2016","$1,314.00",TRAVEL: LODGING [AMEX: SB23.230980]
SB23,ORG,STRIPE,Calif.,Feb. 10,"$1,305.00",MERCHANT FEE
SB23,IND,"WEISER, BENJAMIN",N.Y.,Jan. 5,"$1,300.05",PAYROLL
SB23,ORG,DELTA AIRLINES,Ga.,Jan. 17,"$1,295.60",TRAVEL: AIR [AMEX: SB23.230980]
SB23,ORG,DELTA AIRLINES,Ga.,Jan. 17,"$1,295.60",TRAVEL: AIR [AMEX: SB23.230980]
SB23,ORG,STRIPE,Calif.,Jan. 13,"$1,290.00",MERCHANT FEE
SB23,ORG,MARRIOTT HOTELS,Md.,"Dec. 19, 2016","$1,287.09",TRAVEL: LODGING [AMEX: SB23.230980]
SB23,ORG,HOTELS.COM,Tex.,"Dec. 2, 2016","$1,280.77",TRAVEL: LODGING [AMEX: SB23.230980]
SB23,ORG,HOTELS.COM,Tex.,"Dec. 2, 2016","$1,280.77",TRAVEL: LODGING [AMEX: SB23.230980]
SB23,ORG,HERTZ CAR RENTAL,N.J.,"Dec. 2, 2016","$1,274.43",TRAVEL: CAR RENTAL [AMEX: SB23.230980]
SB23,ORG,AMERICAN AIRLINES,Tex.,Jan. 16,"$1,252.00",TRAVEL: AIR [AMEX: SB23.230980]
SB23,ORG,AMERICAN AIRLINES,Tex.,Jan. 17,"$1,252.00",TRAVEL: AIR [AMEX: SB23.230980]
SB23,ORG,RICHLAND COUNTY GOP,Ohio,March 2,"$1,250.00",RENT & UTILITIES
SB23,ORG,MARRIOTT HOTELS,Md.,"Dec. 20, 2016","$1,247.10",TRAVEL: LODGING [AMEX: SB23.230980]
SB23,ORG,DELTA AIRLINES,Ga.,Jan. 17,"$1,237.60",TRAVEL: AIR [AMEX: SB23.230980]
SB23,ORG,HOTELS.COM,Tex.,Jan. 22,"$1,207.39",TRAVEL: LODGING [AMEX: SB23.230979]
SB23,ORG,NATIONAL CAR RENTAL,Mo.,"Dec. 17, 2016","$1,206.38",TRAVEL: CAR RENTAL [AMEX: SB23.230980]
SB23,ORG,STRIPE,Calif.,Feb. 3,"$1,200.00",MERCHANT FEE
SB23,ORG,HILTON HOTELS,Va.,"Dec. 21, 2016","$1,197.20",TRAVEL: LODGING [AMEX: SB23.230979]
SB23,ORG,HILTON HOTELS,Va.,"Dec. 28, 2016","$1,183.71",TRAVEL: LODGING [AMEX: SB23.230979]
SB23,ORG,MARRIOTT HOTELS,Md.,"Dec. 12, 2016","$1,175.34",TRAVEL: LODGING [AMEX: SB23.230980]
SB23,ORG,BRIDGESTREET GLOBAL HOSPITALITY,Va.,"Dec. 6, 2016","$1,169.92",TRAVEL: LODGING [AMEX: SB23.230980]
SB23,ORG,PEALERS FLOWERS,Pa.,"Dec. 15, 2016","$1,164.41",EVENT STAGING EXPENSE [AMEX: SB23.230980]
SB23,ORG,UNITED AIRLINES,Ill.,"Dec. 7, 2016","$1,153.20",TRAVEL: AIR [AMEX: SB23.230980]
SB23,ORG,HOTELS.COM,Tex.,"Dec. 5, 2016","$1,150.84",TRAVEL: LODGING [AMEX: SB23.230980]
SB23,ORG,NATIONAL CAR RENTAL,Mo.,Jan. 22,"$1,147.35",TRAVEL: CAR RENTAL [AMEX: SB23.230980]
SB23,ORG,HOTELS.COM,Tex.,"Dec. 2, 2016","$1,146.28",TRAVEL: LODGING [AMEX: SB23.230980]
SB23,ORG,HOTELS.COM,Tex.,"Dec. 3, 2016","$1,145.15",TRAVEL: LODGING [AMEX: SB23.230980]
SB23,ORG,HOTELS.COM,Tex.,"Dec. 10, 2016","$1,142.30",TRAVEL: LODGING [AMEX: SB23.230980]
SB23,ORG,DELTA AIRLINES,Ga.,Jan. 14,"$1,135.60",TRAVEL: AIR [AMEX: SB23.230980]
SB23,ORG,MARRIOTT HOTELS,Md.,"Dec. 19, 2016","$1,129.24",TRAVEL: LODGING [AMEX: SB23.230980]
SB23,ORG,HOTELS.COM,Tex.,"Dec. 6, 2016","$1,122.87",TRAVEL: LODGING [AMEX: SB23.230980]
SB23,ORG,AMTRAK,D.C.,"Dec. 30, 2016","$1,120.00",TRAVEL: RAIL [AMEX: SB23.230980]
SB23,IND,"PERRONE, CHRISTINA",N.Y.,Jan. 9,"$1,100.00",EVENT CONSULTING
SB23,ORG,"JIM GREEN INSURANCE AGENCY, INC",Ohio,March 2,"$1,100.00",RENT & UTILITIES
SB23,ORG,HERTZ CAR RENTAL,N.J.,"Dec. 17, 2016","$1,097.55",TRAVEL: CAR RENTAL [AMEX: SB23.230980]
SB23,ORG,VIP PROMPTING CORP,N.Y.,"Dec. 27, 2016","$1,096.52",EVENT STAGING EXPENSE [AMEX: SB23.230980]
SB23,ORG,HOLIDAY INN,Ind.,"Dec. 10, 2016","$1,093.94",TRAVEL: LODGING [AMEX: SB23.230980]
SB23,ORG,HOTELS.COM,Tex.,"Nov. 30, 2016","$1,091.09",TRAVEL: LODGING [AMEX: SB23.230980]
SB23,ORG,AVIS,N.J.,"Dec. 10, 2016","$1,089.34",TRAVEL: CAR RENTAL [AMEX: SB23.230980]
SB23,ORG,HILTON HOTELS,Va.,"Dec. 25, 2016","$1,084.31",TRAVEL: LODGING [AMEX: SB23.230979]
SB23,IND,"DAVIES-MURNEY, VICTORIA",Mo.,Jan. 12,"$1,080.75",EVENT STAGING EXPENSE
SB23,ORG,HOTELS.COM,Tex.,"Dec. 14, 2016","$1,065.08",TRAVEL: LODGING [AMEX: SB23.230980]
SB23,IND,"HERSHBERGER, ALEC",Tex.,Feb. 27,"$1,065.00",ADMINISTRATIVE CONSULTING
SB23,ORG,TRUMP INTERNATIONAL GOLF CLUB,Fla.,"Dec. 22, 2016","$1,064.00",TRAVEL: LODGING [AMEX: SB23.230979]
SB23,ORG,HERTZ CAR RENTAL,N.J.,"Dec. 4, 2016","$1,061.79",TRAVEL: CAR RENTAL [AMEX: SB23.230980]
SB23,ORG,HERTZ CAR RENTAL,N.J.,Jan. 21,"$1,057.44",TRAVEL: CAR RENTAL [AMEX: SB23.230980]
SB23,ORG,MARRIOTT HOTELS,Md.,"Dec. 12, 2016","$1,055.64",TRAVEL: LODGING [AMEX: SB23.230980]
SB23,ORG,MARRIOTT HOTELS,Md.,"Dec. 12, 2016","$1,055.64",TRAVEL: LODGING [AMEX: SB23.230980]
SB23,ORG,HOTELS.COM,Tex.,"Dec. 10, 2016","$1,047.18",TRAVEL: LODGING [AMEX: SB23.230980]
SB23,ORG,STORTS SANITATION SERVICES,Ohio,Jan. 10,"$1,029.60",EVENT STAGING EXPENSE
SB23,IND,"FOSTER, BONNIE M",Wyo.,Jan. 25,"$1,029.51",TRAVEL: MILEAGE [SB23.230989]
SB23,ORG,BROWN PALACE HOTEL,Colo.,Jan. 11,"$1,029.30",TRAVEL: LODGING [AMEX: SB23.230979]
SB23,ORG,ENTERPRISE RENT-A-CAR,Mo.,"Dec. 12, 2016","$1,020.29",TRAVEL: CAR RENTAL [AMEX: SB23.230980]
SB23,ORG,AVIS,Tenn.,March 21,"$1,011.61",TRAVEL: CAR RENTAL [SB23.453285]
SB28C,ORG,COLUMBIA COUNTY REPUBLICAN,Ark.,Feb. 3,"$1,000.00",CONTRIBUTION REFUND
SB23,ORG,TRUMP RESTAURANTS LLC,N.Y.,March 13,"$1,000.00",RENT
SB23,ORG,POLITICAL SOCIAL MEDIA LLC,D.C.,March 27,"$1,000.00",DIGITAL CONSULTING
SB23,IND,"KLEIN, ALEXANDRA",Va.,Feb. 17,"$1,000.00",FIELD CONSULTING
SB28C,ORG,MONTROSE COUNTY REPUBLICANS,Colo.,Feb. 8,"$1,000.00",CONTRIBUTION REFUND
SB23,IND,"DURDEN, SABINE",Ark.,March 3,$981.57,REIMBURSEMENT: ITEMIZATION BELOW IF REQUIRED
SB23,ORG,SOUTHWEST AIRLINES,Tex.,Jan. 12,$981.57,TRAVEL: AIR [SB23.453214]
SB23,ORG,AMERICAN AIRLINES,Tex.,"Dec. 15, 2016",$975.20,TRAVEL: AIR [AMEX: SB23.230980]
SB23,ORG,GREEN BAY CITY TREASURER,Wis.,Jan. 10,$972.72,SECURITY SERVICES
SB23,ORG,NATIONAL CAR RENTAL,Mo.,"Dec. 20, 2016",$963.74,TRAVEL: CAR RENTAL [AMEX: SB23.230980]
SB23,ORG,WISCONSIN EXPOSITION CENTER,Wis.,"Dec. 29, 2016",$963.12,FACILITY RENTAL [AMEX: SB23.230979]
SB23,ORG,VONAGE AMERICA,N.J.,"Nov. 28, 2016",$962.61,BROADBAND SERVICES [AMEX: SB23.230980]
SB23,ORG,VONAGE AMERICA,N.J.,"Dec. 28, 2016",$962.61,BROADBAND SERVICES [AMEX: SB23.230980]
SB23,IND,"KILLION, WILLIAM K",Md.,Feb. 17,$946.79,FIELD CONSULTING
SB23,ORG,HERTZ CAR RENTAL,N.J.,"Dec. 2, 2016",$944.62,TRAVEL: CAR RENTAL [AMEX: SB23.230980]
SB23,ORG,TRUMP ICE LLC,N.Y.,March 13,$940.50,OFFICE SUPPLIES
SB23,ORG,NATIONAL CAR RENTAL,Mo.,Jan. 22,$937.60,TRAVEL: CAR RENTAL [AMEX: SB23.230980]
SB23,ORG,STRIPE,Calif.,Feb. 28,$935.99,MERCHANT FEE
SB23,ORG,MARRIOTT HOTELS,Md.,"Dec. 19, 2016",$932.45,TRAVEL: LODGING [AMEX: SB23.230980]
SB23,ORG,HOTELS.COM,Tex.,"Dec. 2, 2016",$928.14,TRAVEL: LODGING [AMEX: SB23.230980]
SB23,IND,"BUDD, HUNTER",N.Y.,Jan. 31,$923.20,PAYROLL
SB23,IND,"KOPLEY, RUSSELL",N.Y.,Jan. 31,$923.20,PAYROLL
SB23,ORG,ENTERPRISE RENT-A-CAR,Mo.,"Dec. 16, 2016",$920.09,TRAVEL: CAR RENTAL [AMEX: SB23.230980]
SB23,ORG,AMERICAN AIRLINES,Tex.,Jan. 16,$919.60,TRAVEL: AIR [AMEX: SB23.230980]
SB23,ORG,BRIDGESTREET GLOBAL HOSPITALITY,Va.,"Dec. 7, 2016",$910.54,TRAVEL: LODGING [AMEX: SB23.230980]
SB23,ORG,HOTELS.COM,Tex.,"Dec. 6, 2016",$910.16,TRAVEL: LODGING [AMEX: SB23.230980]
SB23,ORG,HOTELS.COM,Tex.,"Dec. 6, 2016",$910.16,TRAVEL: LODGING [AMEX: SB23.230980]
SB23,ORG,HOTELS.COM,Tex.,"Dec. 6, 2016",$910.16,TRAVEL: LODGING [AMEX: SB23.230980]
SB23,ORG,DELTA AIRLINES,Ga.,"Dec. 16, 2016",$909.10,TRAVEL: AIR [AMEX: SB23.230980]
SB23,ORG,A & M PORTABLES INC,Ala.,"Dec. 16, 2016",$905.00,EVENT STAGING EXPENSE [AMEX: SB23.230979]
SB23,ORG,"THE BATTERMAN GROUP, INC.",Nev.,Jan. 12,$900.00,EVENT STAGING EXPENSE
SB23,ORG,STRIPE,Calif.,Feb. 17,$900.00,MERCHANT FEE
SB23,ORG,HOTELS.COM,Tex.,Jan. 4,$887.08,TRAVEL: LODGING [AMEX: SB23.230980]
SB23,ORG,STRIPE,Calif.,March 3,$885.00,MERCHANT FEE
SB23,ORG,HOTELS.COM,Tex.,"Dec. 13, 2016",$884.88,TRAVEL: LODGING [AMEX: SB23.230980]
SB23,ORG,AMTRAK,D.C.,"Dec. 3, 2016",$882.00,TRAVEL: RAIL [AMEX: SB23.230980]
SB23,ORG,AMERICAN AIRLINES,Tex.,Jan. 17,$878.40,TRAVEL: AIR [AMEX: SB23.230980]
SB23,ORG,AMERICAN AIRLINES,Tex.,"Dec. 23, 2016",$874.20,TRAVEL: AIR [AMEX: SB23.230980]
SB23,ORG,STRIPE,Calif.,Feb. 27,$870.00,MERCHANT FEE
SB23,IND,"BOYD, CHARLTON",N.Y.,Jan. 31,$866.70,PAYROLL
SB23,ORG,HOTELS.COM,Tex.,"Dec. 4, 2016",$859.65,TRAVEL: LODGING [AMEX: SB23.230980]
SB23,ORG,AVIS,N.J.,"Dec. 10, 2016",$858.50,TRAVEL: CAR RENTAL [AMEX: SB23.230980]
SB23,ORG,HOTELS.COM,Tex.,"Dec. 7, 2016",$853.29,TRAVEL: LODGING [AMEX: SB23.230980]
SB23,ORG,AVIS,N.J.,"Dec. 21, 2016",$852.15,TRAVEL: CAR RENTAL [AMEX: SB23.230980]
SB23,ORG,HILTON HOTELS,Va.,Jan. 12,$849.71,TRAVEL: LODGING [AMEX: SB23.230979]
SB23,ORG,AVIS,N.J.,"Dec. 2, 2016",$846.37,TRAVEL: CAR RENTAL [AMEX: SB23.230980]
SB23,ORG,HOTELS.COM,Tex.,"Dec. 7, 2016",$839.56,TRAVEL: LODGING [AMEX: SB23.230980]
SB23,ORG,DELTA AIRLINES,Ga.,"Nov. 30, 2016",$836.60,TRAVEL: AIR [AMEX: SB23.230980]
SB23,ORG,ALAN COBB & ASSOCIATES,Kan.,Feb. 17,$836.49,REIMBURSEMENT: ITEMIZATION BELOW IF REQUIRED
SB23,ORG,DELTA AIRLINES,Ga.,"Dec. 28, 2016",$832.60,TRAVEL: AIR [AMEX: SB23.230980]
SB23,ORG,HERTZ CAR RENTAL,N.J.,"Nov. 30, 2016",$830.73,TRAVEL: CAR RENTAL [AMEX: SB23.230980]
SB23,ORG,HOTELS.COM,Tex.,"Dec. 4, 2016",$830.35,TRAVEL: LODGING [AMEX: SB23.230980]
SB23,ORG,TRUMP ICE LLC,N.Y.,March 15,$828.26,OFFICE SUPPLIES
SB23,ORG,TRUMP ICE LLC,N.Y.,Feb. 22,$828.26,OFFICE SUPPLIES
SB23,ORG,AMTRAK,D.C.,"Dec. 6, 2016",$828.00,TRAVEL: RAIL [AMEX: SB23.230980]
SB23,ORG,AMTRAK,D.C.,Jan. 3,$824.00,TRAVEL: RAIL [AMEX: SB23.230979]
SB23,ORG,PRICELINE,Conn.,Jan. 13,$823.02,TRAVEL: LODGING [AMEX: SB23.230979]
SB23,ORG,VAST CONFERENCE CALL,Calif.,Jan. 7,$816.05,SOFTWARE SERVICES [AMEX: SB23.230979]
SB23,ORG,LACKAWANNA COLLEGE PUBLIC SAFETY DEPT,Pa.,Jan. 10,$816.00,SECURITY SERVICES
SB23,ORG,TIME WARNER CABLE,N.Y.,Jan. 2,$802.28,BROADBAND SERVICES [AMEX: SB23.230979]
SB23,ORG,TIME WARNER CABLE,N.Y.,"Dec. 2, 2016",$802.28,BROADBAND SERVICES [AMEX: SB23.230979]
SB23,ORG,TRUMP INTERNATIONAL HOTEL WASHINGTON DC,D.C.,"Dec. 20, 2016",$790.06,TRAVEL: LODGING [AMEX: SB23.230979]
SB23,ORG,XMARK LLC,N.J.,Feb. 15,$786.11,SECURITY SERVICES
SB23,ORG,ENTERPRISE RENT-A-CAR,Mo.,"Dec. 14, 2016",$781.26,TRAVEL: CAR RENTAL [AMEX: SB23.230980]
SB23,ORG,ENTERPRISE RENT-A-CAR,Mo.,"Dec. 11, 2016",$780.77,TRAVEL: CAR RENTAL [AMEX: SB23.230980]
SB23,ORG,"ROCK SOLID SECURITY, INC.",Tenn.,March 17,$780.00,SECURITY SERVICES
SB23,ORG,HOTELS.COM,Tex.,"Nov. 30, 2016",$778.85,TRAVEL: LODGING [AMEX: SB23.230980]
SB23,ORG,XMARK LLC,S.C.,Feb. 2,$777.19,SECURITY SERVICES
SB23,ORG,AMERICAN AIRLINES,Tex.,Jan. 18,$776.90,TRAVEL: AIR [AMEX: SB23.230979]
SB23,ORG,AMERICAN AIRLINES,Tex.,Jan. 18,$776.90,TRAVEL: AIR [AMEX: SB23.230979]
SB23,ORG,MARRIOTT HOTELS,Md.,Jan. 18,$776.32,TRAVEL: LODGING [AMEX: SB23.230979]
SB23,ORG,AMERICAN AIRLINES,Tex.,Jan. 17,$776.10,TRAVEL: AIR [AMEX: SB23.230980]
SB23,ORG,AMERICAN AIRLINES,Tex.,Jan. 17,$776.10,TRAVEL: AIR [AMEX: SB23.230980]
SB23,ORG,MARRIOTT HOTELS,Md.,"Dec. 2, 2016",$775.35,TRAVEL: LODGING [AMEX: SB23.230980]
SB23,ORG,ENTERPRISE RENT-A-CAR,Mo.,"Dec. 7, 2016",$774.89,TRAVEL: CAR RENTAL [AMEX: SB23.230980]
SB23,ORG,MARRIOTT HOTELS,Md.,"Dec. 19, 2016",$771.43,TRAVEL: LODGING [AMEX: SB23.230980]
SB23,ORG,HOTELS.COM,Tex.,Jan. 10,$768.35,TRAVEL: LODGING [AMEX: SB23.230980]
SB23,ORG,AMERICAN AIRLINES,Tex.,"Dec. 17, 2016",$765.10,TRAVEL: AIR [AMEX: SB23.230980]
SB23,ORG,ENTERPRISE RENT-A-CAR,Mo.,"Dec. 12, 2016",$753.36,TRAVEL: CAR RENTAL [AMEX: SB23.230980]
SB23,ORG,ENTERPRISE,Pa.,"Nov. 4, 2016",$744.29,TRAVEL: CAR RENTAL [SB23.230998]
SB23,ORG,AVIS,N.J.,Jan. 5,$739.05,TRAVEL: CAR RENTAL [AMEX: SB23.230980]
SB23,ORG,DELTA AIRLINES,Ga.,Jan. 20,$733.80,TRAVEL: AIR [AMEX: SB23.230980]
SB23,IND,"PITTS, ADAM",Iowa,Feb. 10,$732.78,REIMBURSEMENT: ITEMIZATION BELOW IF REQUIRED
SB23,ORG,AVIS,N.J.,"Dec. 11, 2016",$729.92,TRAVEL: CAR RENTAL [AMEX: SB23.230980]
SB23,ORG,NATIONAL CAR RENTAL,Mo.,"Dec. 18, 2016",$722.07,TRAVEL: CAR RENTAL [AMEX: SB23.230980]
SB23,ORG,AMERICAN AIRLINES,Tex.,"Dec. 16, 2016",$720.10,TRAVEL: AIR [AMEX: SB23.230980]
SB23,ORG,STRIPE,Calif.,March 17,$720.00,MERCHANT FEE
SB23,ORG,DELTA AIRLINES,Ga.,"Dec. 13, 2016",$719.70,TRAVEL: AIR [AMEX: SB23.230980]
SB23,ORG,"GARCIA'S TENT AND RENTALS, INC.",N.M.,Jan. 11,$718.99,EQUIPMENT RENTAL
SB23,ORG,ENTERPRISE RENT-A-CAR,Mo.,"Dec. 19, 2016",$713.21,TRAVEL: CAR RENTAL [AMEX: SB23.230980]
SB23,ORG,ENTERPRISE RENT-A-CAR,Mo.,"Dec. 11, 2016",$711.91,TRAVEL: CAR RENTAL [AMEX: SB23.230980]
SB23,ORG,NATIONAL CAR RENTAL,Mo.,"Dec. 11, 2016",$705.42,TRAVEL: CAR RENTAL [AMEX: SB23.230980]
SB23,ORG,STRIPE,Calif.,March 10,$705.00,MERCHANT FEE
SB23,ORG,LACEY ELLIOT MAKEUP,N.Y.,Feb. 10,$700.00,MEDIA PRODUCTION CONSULTING
SB23,ORG,UNITED AIRLINES,Ill.,"Dec. 10, 2016",$694.10,TRAVEL: AIR [AMEX: SB23.230980]
SB23,ORG,UNITED AIRLINES,Ill.,"Dec. 7, 2016",$692.20,TRAVEL: AIR [AMEX: SB23.230980]
SB23,ORG,AMERICAN AIRLINES,Tex.,Jan. 16,$692.00,TRAVEL: AIR [AMEX: SB23.230980]
SB23,ORG,DELTA AIRLINES,Ga.,"Dec. 17, 2016",$691.10,TRAVEL: AIR [AMEX: SB23.230980]
SB23,ORG,AMERICAN AIRLINES,Tex.,"Dec. 13, 2016",$690.70,TRAVEL: AIR [AMEX: SB23.230980]
SB23,ORG,HOTELS.COM,Tex.,"Dec. 12, 2016",$688.32,TRAVEL: LODGING [AMEX: SB23.230980]
SB23,ORG,HOTELS.COM,Tex.,"Dec. 6, 2016",$685.88,TRAVEL: LODGING [AMEX: SB23.230980]
SB23,ORG,AMERICAN AIRLINES,Tex.,Jan. 22,$679.30,TRAVEL: AIR [AMEX: SB23.230980]
SB23,IND,"HERSHBERGER, ALEC",N.Y.,March 22,$675.00,PAYROLL
SB23,ORG,"SIOUXLAND PARAMEDICS, INC.",Iowa,Jan. 11,$675.00,SECURITY SERVICES
SB23,ORG,DELTA AIRLINES,Ga.,"Dec. 15, 2016",$672.60,TRAVEL: AIR [AMEX: SB23.230980]
SB23,ORG,TRUMP INTERNATIONAL HOTEL WASHINGTON DC,D.C.,Jan. 4,$662.99,TRAVEL: LODGING [AMEX: SB23.230979]
SB23,ORG,NATIONAL CAR RENTAL,Mo.,"Dec. 18, 2016",$662.70,TRAVEL: CAR RENTAL [AMEX: SB23.230980]
SB23,ORG,HILTON HOTEL,D.C.,Jan. 24,$662.11,TRAVEL: LODGING [SB23.231015]
SB23,ORG,AMAZON,Wash.,Jan. 5,$661.73,OFFICE SUPPLIES [AMEX: SB23.230980]
SB23,ORG,STRIPE,Calif.,Jan. 9,$660.00,MERCHANT FEE
SB23,ORG,RINGCENTRAL,Calif.,"Dec. 19, 2016",$657.69,PHONE SERVICES [AMEX: SB23.230979]
SB23,ORG,RINGCENTRAL,Calif.,"Dec. 19, 2016",$657.69,PHONE SERVICES [AMEX: SB23.230979]
SB23,ORG,RINGCENTRAL,Calif.,"Dec. 19, 2016",$657.69,PHONE SERVICES [AMEX: SB23.230979]
SB23,ORG,RINGCENTRAL,Calif.,"Dec. 19, 2016",$657.69,PHONE SERVICES [AMEX: SB23.230979]
SB23,ORG,RINGCENTRAL,Calif.,"Dec. 19, 2016",$657.69,PHONE SERVICES [AMEX: SB23.230979]
SB23,ORG,RINGCENTRAL,Calif.,"Dec. 19, 2016",$657.69,PHONE SERVICES [AMEX: SB23.230979]
SB23,ORG,RINGCENTRAL,Calif.,"Dec. 19, 2016",$657.69,PHONE SERVICES [AMEX: SB23.230979]
SB23,ORG,HOTELS.COM,Tex.,"Nov. 28, 2016",$655.52,TRAVEL: LODGING [AMEX: SB23.230980]
SB23,ORG,LOGMEIN,Mass.,Jan. 11,$653.25,SOFTWARE SERVICES [AMEX: SB23.230980]
SB23,ORG,MARRIOTT HOTELS,Md.,"Dec. 19, 2016",$651.82,TRAVEL: LODGING [AMEX: SB23.230980]
SB23,ORG,TEMPLE RENTS,Ind.,"Dec. 2, 2016",$651.63,EQUIPMENT RENTAL [AMEX: SB23.230980]
SB23,ORG,AMERICAN AIRLINES,Tex.,"Dec. 8, 2016",$648.70,TRAVEL: AIR [AMEX: SB23.230980]
SB23,ORG,AMERICAN AIRLINES,Tex.,"Dec. 8, 2016",$648.70,TRAVEL: AIR [AMEX: SB23.230980]
SB23,ORG,NATIONAL CAR RENTAL,Mo.,"Dec. 9, 2016",$645.59,TRAVEL: CAR RENTAL [AMEX: SB23.230980]
SB23,ORG,HERTZ CAR RENTAL,N.J.,"Dec. 17, 2016",$645.26,TRAVEL: CAR RENTAL [AMEX: SB23.230980]
SB23,ORG,STRIPE,Calif.,Jan. 30,$645.00,MERCHANT FEE
SB23,ORG,MARRIOTT HOTELS,Md.,"Dec. 16, 2016",$644.58,TRAVEL: LODGING [AMEX: SB23.230980]
SB23,ORG,VIERA HOSPITALITY,Fla.,March 8,$639.44,TRAVEL: AIR
SB23,ORG,DELTA AIRLINES,Ga.,"Dec. 13, 2016",$633.60,TRAVEL: AIR [AMEX: SB23.230980]
SB23,ORG,HILTON HOTELS,Va.,"Dec. 19, 2016",$630.99,TRAVEL: LODGING [AMEX: SB23.230979]
SB23,ORG,DELTA AIRLINES,Ga.,"Dec. 9, 2016",$630.10,TRAVEL: AIR [AMEX: SB23.230980]
SB23,ORG,STRIPE,Calif.,Feb. 6,$630.00,MERCHANT FEE
SB23,ORG,INSPERITY,Tex.,Jan. 19,$628.32,PAYROLL TAXES/FEES
SB23,ORG,MARRIOTT HOTELS,Md.,"Dec. 19, 2016",$626.12,TRAVEL: LODGING [AMEX: SB23.230980]
SB23,ORG,"CHAIN BRIDGE BANK, N.A.",Va.,Jan. 13,$618.04,BANK FEES
SB23,ORG,UNITED AIRLINES,Ill.,Jan. 16,$615.20,TRAVEL: AIR [AMEX: SB23.230980]
SB23,ORG,UNITED AIRLINES,Ill.,Jan. 16,$613.20,TRAVEL: AIR [AMEX: SB23.230980]
SB23,ORG,COMCAST,Pa.,Jan. 6,$609.53,BROADBAND SERVICES [AMEX: SB23.230979]
SB23,ORG,COMCAST,Pa.,"Dec. 6, 2016",$609.53,BROADBAND SERVICES [AMEX: SB23.230979]
SB23,ORG,COMCAST,Pa.,Jan. 3,$609.23,BROADBAND SERVICES [AMEX: SB23.230979]
SB23,ORG,ENTERPRISE,Pa.,"Oct. 20, 2016",$603.95,TRAVEL: CAR RENTAL [SB23.230998]
SB23,ORG,FEDEX,Tenn.,"Dec. 18, 2016",$603.50,DELIVERY SERVICES [AMEX: SB23.230980]
SB23,ORG,DELTA AIRLINES,Ga.,"Dec. 16, 2016",$600.10,TRAVEL: AIR [AMEX: SB23.230979]
SB23,ORG,COLONIAL TRAILWAYS BUS COMPANY,Ala.,"Dec. 16, 2016",$600.00,TRAVEL: GROUND TRANSPORTATION [AMEX: SB23.230980]
SB23,ORG,SOUTHWEST AIRLINES,Tex.,"Nov. 28, 2016",$598.48,TRAVEL: AIR [AMEX: SB23.230980]
SB23,ORG,DELTA AIRLINES,Ga.,"Dec. 4, 2016",$596.60,TRAVEL: AIR [AMEX: SB23.230980]
SB23,ORG,JETBLUE AIRWAYS,N.Y.,Jan. 1,$596.31,TRAVEL: AIR [AMEX: SB23.230980]
SB23,ORG,HOTELS.COM,Tex.,"Nov. 28, 2016",$596.28,TRAVEL: LODGING [AMEX: SB23.230980]
SB23,ORG,ENTERPRISE RENT-A-CAR,Mo.,"Dec. 11, 2016",$595.39,TRAVEL: CAR RENTAL [AMEX: SB23.230980]
SB23,ORG,DELTA AIRLINES,Ga.,"Dec. 12, 2016",$592.60,TRAVEL: AIR [AMEX: SB23.230980]
SB23,ORG,AMERICAN AIRLINES,Tex.,"Dec. 15, 2016",$592.60,TRAVEL: AIR [AMEX: SB23.230980]
SB23,ORG,DELTA AIRLINES,Ga.,"Dec. 13, 2016",$591.10,TRAVEL: AIR [AMEX: SB23.230980]
SB23,ORG,ENTERPRISE RENT-A-CAR,Mo.,"Dec. 9, 2016",$588.47,TRAVEL: CAR RENTAL [AMEX: SB23.230980]
SB23,ORG,DELTA AIRLINES,Ga.,"Dec. 2, 2016",$586.10,TRAVEL: AIR [AMEX: SB23.230980]
SB23,ORG,TRUMP INTERNATIONAL HOTEL WASHINGTON DC,D.C.,"Dec. 3, 2016",$585.65,TRAVEL: LODGING [AMEX: SB23.230980]
SB23,IND,"HAHN, MICHAEL",N.J.,Feb. 27,$585.00,ADMINISTRATIVE CONSULTING
SB23,ORG,STRIPE,Calif.,Jan. 17,$585.00,MERCHANT FEE
SB23,ORG,AVIS,N.J.,"Nov. 29, 2016",$584.69,TRAVEL: CAR RENTAL [AMEX: SB23.230980]
SB23,IND,"WARDELL, JONATHON",Conn.,March 6,$584.16,REIMBURSEMENT: ITEMIZATION BELOW IF REQUIRED
SB23,ORG,AMERICAN AIRLINES,Tex.,Jan. 11,$583.20,TRAVEL: AIR [AMEX: SB23.230980]
SB23,ORG,DELTA AIRLINES,Ga.,"Dec. 20, 2016",$582.10,TRAVEL: AIR [AMEX: SB23.230980]
SB23,IND,"GILSON, JOSEPH",Iowa,Feb. 17,$579.99,REIMBURSEMENT: ITEMIZATION BELOW IF REQUIRED
SB23,ORG,DELTA AIRLINES,Ga.,"Dec. 14, 2016",$579.10,TRAVEL: AIR [AMEX: SB23.230980]
SB23,ORG,DELTA AIRLINES,Ga.,"Dec. 14, 2016",$577.60,TRAVEL: AIR [AMEX: SB23.230980]
SB23,ORG,BREASIA PRODUCTIONS LLC,Md.,"Dec. 5, 2016",$577.22,EVENT STAGING EXPENSE [AMEX: SB23.230979]
SB23,ORG,AMERICAN AIRLINES,Tex.,"Dec. 12, 2016",$577.20,TRAVEL: AIR [AMEX: SB23.230980]
SB23,ORG,HERTZ CAR RENTAL,N.J.,"Nov. 28, 2016",$576.65,TRAVEL: CAR RENTAL [AMEX: SB23.230980]
SB23,ORG,SOUTHWEST AIRLINES,Tex.,"Dec. 3, 2016",$576.34,TRAVEL: AIR [AMEX: SB23.230980]
SB23,ORG,AMERICAN AIRLINES,Tex.,"Nov. 28, 2016",$575.60,TRAVEL: AIR [AMEX: SB23.230980]
SB23,ORG,DELTA AIRLINES,Ga.,"Dec. 10, 2016",$575.60,TRAVEL: AIR [AMEX: SB23.230980]
SB23,ORG,HERTZ CAR RENTAL,N.J.,"Dec. 9, 2016",$575.05,TRAVEL: CAR RENTAL [AMEX: SB23.230980]
SB23,ORG,SOUTHWEST AIRLINES,Tex.,"Dec. 10, 2016",$573.34,TRAVEL: AIR [AMEX: SB23.230980]
SB23,ORG,DELTA AIRLINES,Ga.,"Dec. 7, 2016",$567.60,TRAVEL: AIR [AMEX: SB23.230980]
SB23,ORG,DELTA AIRLINES,Ga.,"Dec. 10, 2016",$567.60,TRAVEL: AIR [AMEX: SB23.230980]
SB23,ORG,DELTA AIRLINES,Ga.,"Dec. 8, 2016",$567.60,TRAVEL: AIR [AMEX: SB23.230980]
SB23,ORG,RAK PRODUCTIONS SOUND,Ill.,Feb. 17,$567.50,AUDIO VISUAL SERVICES
SB23,ORG,DELTA AIRLINES,Ga.,"Dec. 5, 2016",$565.60,TRAVEL: AIR [AMEX: SB23.230980]
SB23,ORG,DELTA AIRLINES,Ga.,Jan. 9,$560.20,TRAVEL: AIR [AMEX: SB23.230980]
SB23,ORG,AMTRAK,D.C.,Jan. 2,$560.00,TRAVEL: RAIL [AMEX: SB23.230980]
SB23,ORG,AMTRAK,D.C.,"Dec. 30, 2016",$560.00,TRAVEL: RAIL [AMEX: SB23.230980]
SB23,ORG,AMTRAK,D.C.,Jan. 7,$560.00,TRAVEL: RAIL [AMEX: SB23.230979]
SB23,ORG,DELTA AIRLINES,Ga.,"Nov. 28, 2016",$559.20,TRAVEL: AIR [AMEX: SB23.230980]
SB23,ORG,UNITED AIRLINES,Ill.,"Nov. 24, 2016",$556.10,TRAVEL: AIR [AMEX: SB23.230980]
SB23,ORG,FEDEX,Tenn.,"Dec. 28, 2016",$553.63,DELIVERY SERVICES [AMEX: SB23.230979]
SB23,ORG,AMERICAN AIRLINES,Tex.,"Dec. 13, 2016",$552.10,TRAVEL: AIR [AMEX: SB23.230980]
SB23,ORG,DELTA AIRLINES,Ga.,"Dec. 14, 2016",$550.70,TRAVEL: AIR [AMEX: SB23.230980]
SB23,ORG,LUXOR LIMO NYC,N.Y.,"Dec. 17, 2016",$549.75,TRAVEL: GROUND TRANSPORTATION [AMEX: SB23.230980]
SB23,ORG,RESIDENCE INN,Fla.,Jan. 4,$545.74,TRAVEL: LODGING [AMEX: SB23.230979]
SB23,ORG,STAPLES,Mass.,Jan. 4,$541.62,OFFICE SUPPLIES [AMEX: SB23.230979]
SB23,ORG,HOTELS.COM,Tex.,"Dec. 6, 2016",$539.98,TRAVEL: LODGING [AMEX: SB23.230980]
SB23,ORG,AMERICAN AIRLINES,Tex.,"Nov. 30, 2016",$533.60,TRAVEL: AIR [AMEX: SB23.230980]
SB23,ORG,UNITED AIRLINES,Ill.,"Nov. 29, 2016",$531.10,TRAVEL: AIR [AMEX: SB23.230980]
SB23,ORG,RINGCENTRAL,Calif.,"Dec. 19, 2016",$530.19,PHONE SERVICES [AMEX: SB23.230979]
SB23,ORG,BUZZOFF OF SOUTHWEST FL LLC,Fla.,Jan. 10,$530.00,EVENT STAGING EXPENSE
SB23,ORG,HOTELS.COM,Tex.,"Dec. 6, 2016",$529.37,TRAVEL: LODGING [AMEX: SB23.230980]
SB23,ORG,NATIONAL CAR RENTAL,Mo.,"Dec. 18, 2016",$526.01,TRAVEL: CAR RENTAL [AMEX: SB23.230980]
SB23,ORG,STRIPE,Calif.,Jan. 3,$525.00,MERCHANT FEE
SB23,ORG,STRIPE,Calif.,Jan. 3,$525.00,MERCHANT FEE
SB23,ORG,THE PROSPER GROUP CORPORATION,Ind.,Jan. 13,$525.00,WEB DEVELOPMENT
SB23,ORG,DELTA AIRLINES,Ga.,"Dec. 6, 2016",$524.60,TRAVEL: AIR [AMEX: SB23.230980]
SB23,ORG,AVIS,N.J.,"Dec. 2, 2016",$523.45,TRAVEL: CAR RENTAL [AMEX: SB23.230980]
SB23,ORG,AMERICAN AIRLINES,Tex.,"Dec. 2, 2016",$520.60,TRAVEL: AIR [AMEX: SB23.230980]
SB23,ORG,NATIONAL CAR RENTAL,Mo.,"Nov. 29, 2016",$520.10,TRAVEL: CAR RENTAL [AMEX: SB23.230980]
SB23,ORG,COMCAST,Pa.,"Dec. 14, 2016",$519.88,BROADBAND SERVICES [AMEX: SB23.230979]
SB23,ORG,COMCAST,Pa.,Jan. 14,$519.88,BROADBAND SERVICES [AMEX: SB23.230979]
SB23,ORG,DELTA AIRLINES,Ga.,"Dec. 6, 2016",$519.60,TRAVEL: AIR [AMEX: SB23.230980]
SB23,ORG,HOTELS.COM,Tex.,"Nov. 29, 2016",$517.58,TRAVEL: LODGING [AMEX: SB23.230980]
SB23,ORG,AMERICAN AIRLINES,Tex.,"Dec. 5, 2016",$513.60,TRAVEL: AIR [AMEX: SB23.230980]
SB23,ORG,AMERICAN AIRLINES,Tex.,"Dec. 10, 2016",$513.60,TRAVEL: AIR [AMEX: SB23.230980]
SB23,ORG,UBER,Calif.,Jan. 15,$509.72,TRAVEL: GROUND TRANSPORTATION [AMEX: SB23.230980]
SB23,ORG,UHAUL,Fla.,Jan. 18,$509.63,STORAGE SERVICES [AMEX: SB23.230980]
SB23,ORG,XMARK LLC,Conn.,Jan. 25,$507.00,SECURITY SERVICES
SB23,ORG,ENTERPRISE RENT-A-CAR,Mo.,"Dec. 19, 2016",$504.28,TRAVEL: CAR RENTAL [AMEX: SB23.230980]
SB23,ORG,AMERICAN AIRLINES,Tex.,"Dec. 5, 2016",$503.40,TRAVEL: AIR [AMEX: SB23.230980]
SB23,ORG,HERTZ CAR RENTAL,N.J.,Jan. 2,$503.16,TRAVEL: CAR RENTAL [AMEX: SB23.230980]
SB23,ORG,AMERICAN AIRLINES,Tex.,"Dec. 11, 2016",$502.10,TRAVEL: AIR [AMEX: SB23.230980]
SB23,ORG,AMERICAN AIRLINES,Tex.,"Dec. 13, 2016",$502.10,TRAVEL: AIR [AMEX: SB23.230980]
SB23,ORG,DELTA AIRLINES,Ga.,"Dec. 13, 2016",$501.60,TRAVEL: AIR [AMEX: SB23.230980]
SB23,ORG,ENTERPRISE RENT-A-CAR,Mo.,"Dec. 20, 2016",$501.47,TRAVEL: CAR RENTAL [AMEX: SB23.230980]
SB23,IND,"DURAND, GINA",N.Y.,Feb. 10,$500.00,CLEANING SERVICES
SB23,ORG,LUXOR LIMO NYC,N.Y.,"Dec. 18, 2016",$498.19,TRAVEL: GROUND TRANSPORTATION [AMEX: SB23.230980]
SB23,ORG,AVIS,N.J.,"Dec. 12, 2016",$492.98,TRAVEL: CAR RENTAL [AMEX: SB23.230980]
SB23,ORG,HERTZ CAR RENTAL,N.J.,"Dec. 14, 2016",$490.58,TRAVEL: CAR RENTAL [AMEX: SB23.230980]
SB23,ORG,DELTA AIRLINES,Ga.,"Dec. 2, 2016",$490.10,TRAVEL: AIR [AMEX: SB23.230980]
SB23,ORG,DELTA AIRLINES,Ga.,"Dec. 16, 2016",$489.60,TRAVEL: AIR [AMEX: SB23.230980]
SB23,ORG,DELTA AIRLINES,Ga.,"Nov. 30, 2016",$488.10,TRAVEL: AIR [AMEX: SB23.230980]
SB23,ORG,PRICELINE,Conn.,Jan. 16,$486.80,TRAVEL: LODGING [AMEX: SB23.230979]
SB23,ORG,AMERICAN AIRLINES,Tex.,Jan. 16,$483.80,TRAVEL: AIR [AMEX: SB23.230980]
SB23,ORG,AMERICAN AIRLINES,Tex.,Jan. 16,$483.80,TRAVEL: AIR [AMEX: SB23.230980]
SB23,ORG,XMARK LLC,S.C.,March 8,$482.42,SECURITY SERVICES
SB23,ORG,HERTZ CAR RENTAL,N.J.,"Dec. 2, 2016",$482.34,TRAVEL: CAR RENTAL [AMEX: SB23.230980]
SB23,ORG,DELTA AIRLINES,Ga.,"Dec. 6, 2016",$480.10,TRAVEL: AIR [AMEX: SB23.230980]
SB23,ORG,STRIPE,Calif.,Feb. 6,$480.00,MERCHANT FEE
SB23,ORG,SUNNYS EXECUTIVE SEDAN SERVICES,Va.,"Dec. 13, 2016",$478.60,TRAVEL: GROUND TRANSPORTATION [AMEX: SB23.230980]
SB23,ORG,SOUTHWEST AIRLINES,Tex.,"Dec. 11, 2016",$478.34,TRAVEL: AIR [AMEX: SB23.230980]
SB23,ORG,AMERICAN AIRLINES,Tex.,"Dec. 5, 2016",$477.50,TRAVEL: AIR [AMEX: SB23.230980]
SB23,ORG,AMERICAN AIRLINES,Tex.,"Dec. 8, 2016",$477.50,TRAVEL: AIR [AMEX: SB23.230980]
SB23,ORG,HOTELS.COM,Tex.,"Dec. 4, 2016",$472.68,TRAVEL: LODGING [AMEX: SB23.230980]
SB23,ORG,DELTA AIRLINES,Ga.,"Dec. 2, 2016",$470.60,TRAVEL: AIR [AMEX: SB23.230980]
SB23,ORG,DELTA AIRLINES,Ga.,"Dec. 3, 2016",$467.60,TRAVEL: AIR [AMEX: SB23.230980]
SB23,IND,"HAHN, MICHAEL",N.Y.,March 22,$465.00,PAYROLL
SB23,IND,"CRITCHFIELD, MARSHALL",Iowa,Feb. 23,$464.40,REIMBURSEMENT: ITEMIZATION BELOW IF REQUIRED
SB23,IND,"CRITCHFIELD, MARSHALL",Iowa,Feb. 23,$464.40,TRAVEL: MILEAGE [SB23.230982]
SB23,ORG,CAMBRIDGE TRANSPORTATION CORP,Ill.,"Dec. 30, 2016",$464.00,TRAVEL: GROUND TRANSPORTATION [AMEX: SB23.230979]
SB23,ORG,FEDEX,Tenn.,"Dec. 15, 2016",$462.98,DELIVERY SERVICES [AMEX: SB23.230980]
SB23,ORG,DELTA AIRLINES,Ga.,"Dec. 8, 2016",$461.60,TRAVEL: AIR [AMEX: SB23.230980]
SB23,ORG,DELTA AIRLINES,Ga.,"Dec. 20, 2016",$458.10,TRAVEL: AIR [AMEX: SB23.230980]
SB23,ORG,DELTA AIRLINES,Ga.,"Dec. 10, 2016",$456.60,TRAVEL: AIR [AMEX: SB23.230980]
SB23,ORG,MA DEPARTMENT OF REVENUE,Mass.,March 13,$456.00,TAXES
SB23,ORG,AMERICAN AIRLINES,Tex.,"Dec. 8, 2016",$455.10,TRAVEL: AIR [AMEX: SB23.230980]
SB23,ORG,AMERICAN AIRLINES,Tex.,"Dec. 13, 2016",$455.10,TRAVEL: AIR [AMEX: SB23.230980]
SB23,ORG,AMERICAN AIRLINES,Tex.,"Dec. 10, 2016",$455.10,TRAVEL: AIR [AMEX: SB23.230980]
SB23,ORG,DELTA AIRLINES,Ga.,"Dec. 18, 2016",$455.10,TRAVEL: AIR [AMEX: SB23.230980]
SB23,ORG,AMERICAN AIRLINES,Tex.,"Dec. 14, 2016",$453.60,TRAVEL: AIR [AMEX: SB23.230980]
SB23,ORG,DELTA AIRLINES,Ga.,"Dec. 9, 2016",$453.60,TRAVEL: AIR [AMEX: SB23.230980]
SB23,ORG,DELTA AIRLINES,Ga.,"Dec. 2, 2016",$453.60,TRAVEL: AIR [AMEX: SB23.230980]
SB23,ORG,DELTA AIRLINES,Ga.,"Dec. 7, 2016",$453.60,TRAVEL: AIR [AMEX: SB23.230980]
SB23,ORG,DELTA AIRLINES,Ga.,"Dec. 9, 2016",$453.60,TRAVEL: AIR [AMEX: SB23.230980]
SB23,ORG,UBER,Calif.,"Dec. 4, 2016",$453.59,TRAVEL: GROUND TRANSPORTATION [AMEX: SB23.230979]
SB23,ORG,TRUMP INTERNATIONAL HOTEL WASHINGTON DC,D.C.,Jan. 26,$452.28,TRAVEL: LODGING [AMEX: SB23.230980]
SB23,ORG,TRUMP INTERNATIONAL HOTEL WASHINGTON DC,D.C.,Jan. 10,$452.28,TRAVEL: LODGING [AMEX: SB23.230979]
SB23,ORG,TRUMP INTERNATIONAL HOTEL WASHINGTON DC,D.C.,Jan. 2,$452.28,TRAVEL: LODGING [AMEX: SB23.230979]
SB23,ORG,DELTA AIRLINES,Ga.,"Dec. 9, 2016",$450.60,TRAVEL: AIR [AMEX: SB23.230980]
SB29,ORG,AMERICAN RED CROSS,Iowa,Feb. 14,$450.00,ANONYMOUS DISGORGEMENT
SB23,ORG,CHARIOTS FOR HIRE,Va.,Jan. 16,$450.00,TRAVEL: GROUND TRANSPORTATION [AMEX: SB23.230980]
SB23,ORG,UNITED AIRLINES,Ill.,"Dec. 6, 2016",$447.10,TRAVEL: AIR [AMEX: SB23.230980]
SB23,ORG,DELTA AIRLINES,Ga.,"Dec. 9, 2016",$446.60,TRAVEL: AIR [AMEX: SB23.230980]
SB23,ORG,DELTA AIRLINES,Ga.,"Nov. 30, 2016",$445.10,TRAVEL: AIR [AMEX: SB23.230980]
SB23,ORG,TRUMP INTERNATIONAL HOTEL WASHINGTON DC,D.C.,Jan. 12,$443.87,TRAVEL: LODGING [AMEX: SB23.230979]
SB23,ORG,UNITED AIRLINES,Ill.,Jan. 16,$443.80,TRAVEL: AIR [AMEX: SB23.230980]
SB23,ORG,UNITED AIRLINES,Ill.,Jan. 16,$443.80,TRAVEL: AIR [AMEX: SB23.230980]
SB23,ORG,AMERICAN AIRLINES,Tex.,"Dec. 1, 2016",$443.10,TRAVEL: AIR [AMEX: SB23.230980]
SB23,ORG,AMTRAK,D.C.,Jan. 12,$443.00,TRAVEL: RAIL [AMEX: SB23.230980]
SB23,ORG,HERTZ CAR RENTAL,N.J.,"Dec. 1, 2016",$442.86,TRAVEL: CAR RENTAL [AMEX: SB23.230980]
SB23,ORG,HERTZ CAR RENTAL,N.J.,"Dec. 1, 2016",$442.86,TRAVEL: CAR RENTAL [AMEX: SB23.230980]
SB23,ORG,LUXOR LIMO NYC,N.Y.,Jan. 19,$441.18,TRAVEL: GROUND TRANSPORTATION [AMEX: SB23.230980]
SB23,ORG,AMERICAN AIRLINES,Tex.,"Dec. 1, 2016",$441.10,TRAVEL: AIR [AMEX: SB23.230980]
SB23,ORG,HOTELS.COM,Tex.,"Dec. 5, 2016",$439.76,TRAVEL: LODGING [AMEX: SB23.230980]
SB23,ORG,AMERICAN AIRLINES,Tex.,Jan. 12,$439.20,TRAVEL: AIR [AMEX: SB23.230980]
SB23,ORG,AMERICAN AIRLINES,Tex.,Jan. 18,$439.20,TRAVEL: AIR [AMEX: SB23.230980]
SB23,ORG,AMERICAN AIRLINES,Tex.,Jan. 13,$439.20,TRAVEL: AIR [AMEX: SB23.230979]
SB23,ORG,MARRIOTT,Md.,"Nov. 18, 2016",$436.79,TRAVEL: LODGING [SB23.230994]
SB23,IND,"CHIODO, DAVID",Iowa,March 2,$435.00,SECURITY SERVICES
SB23,ORG,DELTA AIRLINES,Ga.,Jan. 12,$428.80,TRAVEL: AIR [AMEX: SB23.230980]
SB23,ORG,DELTA AIRLINES,Ga.,"Nov. 28, 2016",$428.10,TRAVEL: AIR [AMEX: SB23.230980]
SB23,ORG,NATIONAL CAR RENTAL,Mo.,"Dec. 6, 2016",$427.22,TRAVEL: CAR RENTAL [AMEX: SB23.230980]
SB23,ORG,HOTELS.COM,Tex.,"Dec. 14, 2016",$426.20,TRAVEL: LODGING [AMEX: SB23.230980]
SB23,ORG,AMERICAN AIRLINES,Tex.,"Dec. 2, 2016",$425.60,TRAVEL: AIR [AMEX: SB23.230980]
SB23,ORG,VERIZON,N.J.,Jan. 13,$424.93,BROADBAND SERVICES [AMEX: SB23.230979]
SB23,ORG,DELTA AIRLINES,Ga.,"Dec. 12, 2016",$423.60,TRAVEL: AIR [AMEX: SB23.230980]
SB23,ORG,AMERICAN AIRLINES,Tex.,"Dec. 9, 2016",$423.60,TRAVEL: AIR [AMEX: SB23.230980]
SB23,ORG,AMERICAN AIRLINES,Tex.,"Dec. 9, 2016",$422.60,TRAVEL: AIR [AMEX: SB23.230980]
SB23,IND,"LAQUERRE, MAUREEN",Mass.,March 21,$422.40,REIMBURSEMENT: ITEMIZATION BELOW IF REQUIRED
SB23,ORG,JETBLUE,N.Y.,Jan. 19,$422.40,TRAVEL: AIR [SB23.231000]
SB23,ORG,UNITED AIRLINES,Ill.,"Dec. 16, 2016",$422.10,TRAVEL: AIR [AMEX: SB23.230980]
SB23,ORG,HOTELS.COM,Tex.,"Dec. 5, 2016",$421.24,TRAVEL: LODGING [AMEX: SB23.230980]
SB23,IND,"PENCE, JOHN",N.Y.,Feb. 27,$420.21,REIMBURSEMENT: ITEMIZATION BELOW IF REQUIRED
SB23,ORG,UNITED AIRLINES,Ill.,"Dec. 17, 2016",$418.60,TRAVEL: AIR [AMEX: SB23.230980]
SB23,ORG,HOLIDAY INN,Ind.,"Dec. 2, 2016",$418.05,TRAVEL: LODGING [AMEX: SB23.230980]
SB23,ORG,HOTELS.COM,Tex.,"Dec. 5, 2016",$417.12,TRAVEL: LODGING [AMEX: SB23.230980]
SB23,ORG,DELTA AIRLINES,Ga.,"Nov. 24, 2016",$416.90,TRAVEL: AIR [AMEX: SB23.230980]
SB23,ORG,HOLIDAY INN,Ind.,"Dec. 2, 2016",$415.14,TRAVEL: LODGING [AMEX: SB23.230980]
SB23,ORG,AVIS,N.J.,"Dec. 9, 2016",$415.09,TRAVEL: CAR RENTAL [AMEX: SB23.230980]
SB23,ORG,NATIONAL CAR RENTAL,Mo.,"Dec. 14, 2016",$415.09,TRAVEL: CAR RENTAL [AMEX: SB23.230980]
SB23,ORG,AMTRAK,D.C.,Jan. 4,$414.00,TRAVEL: RAIL [AMEX: SB23.230980]
SB23,ORG,AVIS,N.J.,Jan. 16,$412.61,TRAVEL: CAR RENTAL [AMEX: SB23.230980]
SB23,ORG,AMTRAK,D.C.,Jan. 6,$412.00,TRAVEL: RAIL [AMEX: SB23.230980]
SB23,ORG,HOLIDAY INN,Ind.,"Dec. 2, 2016",$411.87,TRAVEL: LODGING [AMEX: SB23.230980]
SB23,ORG,DELTA AIRLINES,Ga.,"Dec. 13, 2016",$410.60,TRAVEL: AIR [AMEX: SB23.230980]
SB23,ORG,DELTA AIRLINES,Ga.,"Dec. 18, 2016",$408.00,TRAVEL: AIR [AMEX: SB23.230980]
SB23,ORG,STRIPE,Calif.,Jan. 23,$405.00,MERCHANT FEE
SB23,ORG,STRIPE,Calif.,Jan. 20,$405.00,MERCHANT FEE
SB23,ORG,STRIPE,Calif.,March 27,$405.00,MERCHANT FEE
SB23,ORG,AVIS,N.J.,"Dec. 16, 2016",$404.71,TRAVEL: CAR RENTAL [AMEX: SB23.230980]
SB23,ORG,DELTA AIRLINES,Ga.,"Dec. 5, 2016",$404.60,TRAVEL: AIR [AMEX: SB23.230980]
SB23,ORG,AMERICAN AIRLINES,Tex.,"Dec. 17, 2016",$404.10,TRAVEL: AIR [AMEX: SB23.230980]
SB23,ORG,DELTA AIRLINES,Ga.,"Dec. 2, 2016",$403.60,TRAVEL: AIR [AMEX: SB23.230980]
SB23,ORG,DELTA AIRLINES,Ga.,"Nov. 29, 2016",$400.60,TRAVEL: AIR [AMEX: SB23.230980]
SB23,ORG,HOLIDAY INN,Ind.,"Dec. 2, 2016",$400.14,TRAVEL: LODGING [AMEX: SB23.230980]
SB23,ORG,AVIS,N.J.,"Dec. 17, 2016",$399.05,TRAVEL: CAR RENTAL [AMEX: SB23.230980]
SB23,ORG,TRUMP INTERNATIONAL HOTEL WASHINGTON DC,D.C.,Jan. 10,$395.03,TRAVEL: LODGING [AMEX: SB23.230979]
SB23,ORG,TRUMP INTERNATIONAL HOTEL WASHINGTON DC,D.C.,Jan. 10,$395.03,TRAVEL: LODGING [AMEX: SB23.230979]
SB23,ORG,TRUMP INTERNATIONAL HOTEL WASHINGTON DC,D.C.,"Nov. 28, 2016",$395.03,TRAVEL: LODGING [AMEX: SB23.230980]
SB23,ORG,TRUMP INTERNATIONAL HOTEL WASHINGTON DC,D.C.,"Dec. 1, 2016",$395.03,TRAVEL: LODGING [AMEX: SB23.230980]
SB23,ORG,TRUMP INTERNATIONAL HOTEL WASHINGTON DC,D.C.,Jan. 3,$395.03,TRAVEL: LODGING [AMEX: SB23.230979]
SB23,ORG,TRUMP INTERNATIONAL HOTEL WASHINGTON DC,D.C.,"Nov. 28, 2016",$395.03,TRAVEL: LODGING [AMEX: SB23.230980]
SB23,ORG,TRUMP INTERNATIONAL HOTEL WASHINGTON DC,D.C.,Jan. 2,$395.00,TRAVEL: LODGING [AMEX: SB23.230979]
SB23,ORG,AVIS,N.J.,"Nov. 28, 2016",$391.95,TRAVEL: CAR RENTAL [AMEX: SB23.230980]
SB23,ORG,DELTA AIRLINES,Ga.,"Dec. 3, 2016",$390.60,TRAVEL: AIR [AMEX: SB23.230980]
SB23,ORG,UBER,Calif.,"Dec. 11, 2016",$388.92,TRAVEL: GROUND TRANSPORTATION [AMEX: SB23.230979]
SB23,ORG,AVIS,N.J.,"Dec. 9, 2016",$388.25,TRAVEL: CAR RENTAL [AMEX: SB23.230980]
SB23,ORG,SOUTHWEST AIRLINES,Tex.,"Nov. 28, 2016",$386.98,TRAVEL: AIR [AMEX: SB23.230980]
SB23,ORG,HOTELS.COM,Tex.,"Dec. 8, 2016",$383.62,TRAVEL: LODGING [AMEX: SB23.230980]
SB23,ORG,DELTA AIRLINES,Ga.,"Dec. 8, 2016",$377.60,TRAVEL: AIR [AMEX: SB23.230980]
SB23,ORG,AMTRAK,D.C.,"Dec. 21, 2016",$377.00,TRAVEL: RAIL [AMEX: SB23.230979]
SB23,ORG,STRIPE,Calif.,Feb. 17,$375.00,MERCHANT FEE
SB23,ORG,AMERICAN AIRLINES,Tex.,"Dec. 13, 2016",$373.70,TRAVEL: AIR [AMEX: SB23.230980]
SB23,ORG,SHADE,Calif.,Feb. 7,$373.02,TRAVEL: LODGING [SB23.453190]
SB23,ORG,AMERICAN AIRLINES,Tex.,Jan. 16,$370.80,TRAVEL: AIR [AMEX: SB23.230980]
SB23,ORG,NATIONAL CAR RENTAL,Mo.,"Dec. 17, 2016",$368.89,TRAVEL: CAR RENTAL [AMEX: SB23.230980]
SB23,ORG,SOUTHWEST AIRLINES,Tex.,"Nov. 29, 2016",$365.98,TRAVEL: AIR [AMEX: SB23.230980]
SB23,ORG,ENTERPRISE RENT-A-CAR,Mo.,Jan. 16,$364.68,TRAVEL: CAR RENTAL [AMEX: SB23.230980]
SB23,ORG,HOTELS.COM,Tex.,"Dec. 18, 2016",$360.99,TRAVEL: LODGING [AMEX: SB23.230980]
SB23,ORG,AMERICAN AIRLINES,Tex.,"Dec. 2, 2016",$360.60,TRAVEL: AIR [AMEX: SB23.230980]
SB23,ORG,HOTELS.COM,Tex.,Jan. 16,$358.60,TRAVEL: LODGING [AMEX: SB23.230980]
SB23,ORG,AMERICAN AIRLINES,Tex.,Jan. 25,$357.40,TRAVEL: AIR [AMEX: SB23.230980]
SB23,ORG,AMERICAN AIRLINES,Tex.,"Dec. 10, 2016",$357.00,TRAVEL: AIR [AMEX: SB23.230980]
SB23,ORG,AMERICAN AIRLINES,Tex.,"Nov. 29, 2016",$356.60,TRAVEL: AIR [AMEX: SB23.230980]
SB23,ORG,HOTELS.COM,Tex.,"Dec. 7, 2016",$356.54,TRAVEL: LODGING [AMEX: SB23.230980]
SB23,ORG,AMTRAK,D.C.,"Dec. 1, 2016",$355.00,TRAVEL: RAIL [AMEX: SB23.230980]
SB23,ORG,AMTRAK,D.C.,Jan. 2,$355.00,TRAVEL: RAIL [AMEX: SB23.230980]
SB23,ORG,UNITED AIRLINES,Ill.,"Dec. 11, 2016",$353.25,TRAVEL: AIR [AMEX: SB23.230980]
SB23,ORG,NEW YORK TIMES,N.Y.,"Nov. 30, 2016",$352.80,SUBSCRIPTION [AMEX: SB23.230980]
SB23,ORG,HERTZ CAR RENTAL,N.J.,Jan. 6,$352.71,TRAVEL: CAR RENTAL [AMEX: SB23.230980]
SB23,ORG,DELTA AIRLINES,Ga.,Jan. 19,$350.80,TRAVEL: AIR [AMEX: SB23.230980]
SB23,ORG,DELTA AIRLINES,Ga.,Jan. 11,$350.80,TRAVEL: AIR [AMEX: SB23.230980]
SB23,ORG,AMERICAN AIRLINES,Tex.,"Nov. 29, 2016",$349.60,TRAVEL: AIR [AMEX: SB23.230980]
SB23,ORG,RADISSON HOTELS,Neb.,"Nov. 30, 2016",$348.82,TRAVEL: LODGING [AMEX: SB23.230980]
SB23,ORG,RADISSON HOTELS,Neb.,"Nov. 30, 2016",$348.82,TRAVEL: LODGING [AMEX: SB23.230980]
SB23,ORG,RADISSON HOTELS,Neb.,"Nov. 30, 2016",$348.82,TRAVEL: LODGING [AMEX: SB23.230980]
SB23,ORG,DELTA AIRLINES,Ga.,Jan. 22,$348.80,TRAVEL: AIR [AMEX: SB23.230980]
SB23,ORG,AMERICAN AIRLINES,Tex.,"Nov. 30, 2016",$348.10,TRAVEL: AIR [AMEX: SB23.230980]
SB23,ORG,UNITED AIRLINES,Ill.,"Nov. 29, 2016",$348.10,TRAVEL: AIR [AMEX: SB23.230980]
SB23,ORG,CAREY INTERNATIONAL INC,D.C.,"Nov. 29, 2016",$348.09,TRAVEL: GROUND TRANSPORTATION [AMEX: SB23.230979]
SB28C,ORG,STONE COUNTY REPUBLICAN EXECUTIVE,Miss.,Feb. 8,$345.87,CONTRIBUTION REFUND
SB23,ORG,STRIPE,Calif.,March 24,$345.00,MERCHANT FEE
SB23,ORG,NATIONAL CAR RENTAL,Mo.,"Dec. 14, 2016",$344.95,TRAVEL: CAR RENTAL [AMEX: SB23.230980]
SB23,ORG,AVIS,N.J.,"Dec. 14, 2016",$344.68,TRAVEL: CAR RENTAL [AMEX: SB23.230980]
SB23,ORG,HOTELS.COM,Tex.,Jan. 9,$342.90,TRAVEL: LODGING [AMEX: SB23.230980]
SB23,ORG,DELTA AIRLINES,Ga.,"Nov. 29, 2016",$342.60,TRAVEL: AIR [AMEX: SB23.230980]
SB23,ORG,HOTELS.COM,Tex.,Jan. 11,$342.35,TRAVEL: LODGING [AMEX: SB23.230980]
SB23,ORG,DELTA AIRLINES,Ga.,"Dec. 8, 2016",$342.10,TRAVEL: AIR [AMEX: SB23.230980]
SB23,ORG,AVIS,N.J.,"Dec. 9, 2016",$341.82,TRAVEL: CAR RENTAL [AMEX: SB23.230980]
SB23,ORG,AVIS,N.J.,"Dec. 9, 2016",$341.82,TRAVEL: CAR RENTAL [AMEX: SB23.230980]
SB23,ORG,HOTELS.COM,Tex.,"Dec. 11, 2016",$340.54,TRAVEL: LODGING [AMEX: SB23.230980]
SB23,ORG,DELTA AIRLINES,Ga.,Jan. 5,$339.20,TRAVEL: AIR [AMEX: SB23.230980]
SB23,ORG,NATIONAL CAR RENTAL,Mo.,"Dec. 18, 2016",$337.68,TRAVEL: CAR RENTAL [AMEX: SB23.230980]
SB23,ORG,HOTELS.COM,Tex.,"Dec. 12, 2016",$337.52,TRAVEL: LODGING [AMEX: SB23.230980]
SB23,ORG,HOTELS.COM,Tex.,"Dec. 6, 2016",$337.46,TRAVEL: LODGING [AMEX: SB23.230980]
SB23,ORG,AMERICAN AIRLINES,Tex.,"Dec. 2, 2016",$336.60,TRAVEL: AIR [AMEX: SB23.230980]
SB23,ORG,HOTELS.COM,Tex.,"Dec. 12, 2016",$336.37,TRAVEL: LODGING [AMEX: SB23.230980]
SB23,ORG,UNITED AIRLINES,Ill.,"Dec. 2, 2016",$335.60,TRAVEL: AIR [AMEX: SB23.230980]
SB23,ORG,DELTA AIRLINES,Ga.,"Dec. 12, 2016",$334.60,TRAVEL: AIR [AMEX: SB23.230980]
SB23,ORG,DELTA AIRLINES,Ga.,"Dec. 12, 2016",$334.60,TRAVEL: AIR [AMEX: SB23.230980]
SB23,ORG,UBER,Calif.,"Dec. 16, 2016",$332.15,TRAVEL: GROUND TRANSPORTATION [AMEX: SB23.230979]
SB23,ORG,DELTA AIRLINES,Ga.,"Dec. 5, 2016",$332.10,TRAVEL: AIR [AMEX: SB23.230980]
SB23,ORG,DELTA AIRLINES,Ga.,"Dec. 5, 2016",$332.10,TRAVEL: AIR [AMEX: SB23.230980]
SB23,ORG,DELTA AIRLINES,Ga.,"Dec. 5, 2016",$332.10,TRAVEL: AIR [AMEX: SB23.230980]
SB23,ORG,LAGUARDIA AIRPORT,N.Y.,"Nov. 21, 2016",$332.00,PARKING SERVICES [SB23.231015]
SB23,ORG,LUXOR LIMO NYC,N.Y.,Jan. 19,$330.89,TRAVEL: GROUND TRANSPORTATION [AMEX: SB23.230980]
SB23,ORG,LUXOR LIMO NYC,N.Y.,Jan. 19,$330.89,TRAVEL: GROUND TRANSPORTATION [AMEX: SB23.230980]
SB23,ORG,PRICELINE,Conn.,Jan. 12,$330.15,TRAVEL: LODGING [AMEX: SB23.230979]
SB23,ORG,STRIPE,Calif.,Feb. 13,$330.00,MERCHANT FEE
SB23,ORG,HERTZ CAR RENTAL,N.J.,"Dec. 4, 2016",$329.14,TRAVEL: CAR RENTAL [AMEX: SB23.230980]
SB23,ORG,INSPERITY,Tex.,Jan. 5,$328.22,PAYROLL TAXES/FEES
SB23,ORG,HOTELS.COM,Tex.,"Dec. 14, 2016",$328.10,TRAVEL: LODGING [AMEX: SB23.230980]
SB23,ORG,DELTA AIRLINES,Ga.,"Dec. 2, 2016",$327.60,TRAVEL: AIR [AMEX: SB23.230980]
SB23,ORG,AMERICAN AIRLINES,Tex.,"Dec. 5, 2016",$327.10,TRAVEL: AIR [AMEX: SB23.230980]
SB23,ORG,EXECUTIVE CHARTER,N.Y.,Jan. 18,$324.85,TRAVEL: GROUND TRANSPORTATION [AMEX: SB23.230979]
SB23,ORG,BRIDGESTREET GLOBAL HOSPITALITY,Va.,Jan. 27,$324.57,TRAVEL: LODGING [AMEX: SB23.230980]
SB23,ORG,AMERICAN AIRLINES,Tex.,"Dec. 18, 2016",$324.10,TRAVEL: AIR [AMEX: SB23.230980]
SB23,ORG,DELTA AIRLINES,Ga.,"Dec. 8, 2016",$322.00,TRAVEL: AIR [AMEX: SB23.230980]
SB23,ORG,NIGHTWATCH SECURITY,Fla.,Feb. 27,$321.00,SECURITY SERVICES
SB23,ORG,AMTRAK,D.C.,"Dec. 1, 2016",$320.00,TRAVEL: RAIL [AMEX: SB23.230980]
SB23,ORG,AMTRAK,D.C.,Jan. 4,$320.00,TRAVEL: RAIL [AMEX: SB23.230980]
SB23,ORG,DELTA AIRLINES,Ga.,"Nov. 28, 2016",$318.10,TRAVEL: AIR [AMEX: SB23.230980]
SB23,ORG,DELTA AIRLINES,Ga.,"Nov. 29, 2016",$318.10,TRAVEL: AIR [AMEX: SB23.230980]
SB23,ORG,JETBLUE AIRWAYS,N.Y.,"Dec. 27, 2016",$317.77,TRAVEL: AIR [AMEX: SB23.230980]
SB23,ORG,LUXOR LIMO NYC,N.Y.,"Dec. 19, 2016",$316.43,TRAVEL: GROUND TRANSPORTATION [AMEX: SB23.230980]
SB23,ORG,THE PIERRE,N.Y.,"Dec. 18, 2016",$316.06,TRAVEL: LODGING [AMEX: SB23.230979]
SB23,ORG,AMERICAN AIRLINES,Tex.,"Dec. 1, 2016",$315.10,TRAVEL: AIR [AMEX: SB23.230980]
SB23,ORG,STRIPE,Calif.,Feb. 13,$315.00,MERCHANT FEE
SB23,ORG,AKA WHITE HOUSE,D.C.,Jan. 19,$314.88,TRAVEL: LODGING [AMEX: SB23.230980]
SB23,ORG,HOTELS.COM,Tex.,"Dec. 7, 2016",$314.14,TRAVEL: LODGING [AMEX: SB23.230980]
SB23,ORG,HILTON HOTELS,Va.,"Dec. 1, 2016",$310.72,TRAVEL: LODGING [AMEX: SB23.230980]
SB23,ORG,DELTA AIRLINES,Ga.,Jan. 5,$310.20,TRAVEL: AIR [AMEX: SB23.230980]
SB23,ORG,AVIS,N.J.,"Dec. 4, 2016",$307.97,TRAVEL: CAR RENTAL [AMEX: SB23.230980]
SB23,ORG,HOTELS.COM,Tex.,"Dec. 9, 2016",$306.55,TRAVEL: LODGING [AMEX: SB23.230980]
SB23,ORG,AMERICAN AIRLINES,Tex.,Jan. 25,$304.20,TRAVEL: AIR [AMEX: SB23.230980]
SB23,ORG,CAREY INTERNATIONAL INC,D.C.,"Dec. 14, 2016",$303.88,TRAVEL: GROUND TRANSPORTATION [AMEX: SB23.230979]
SB23,ORG,INSPERITY,Tex.,March 22,$303.30,PAYROLL TAXES/FEES
SB23,ORG,HERTZ CAR RENTAL,N.J.,"Dec. 2, 2016",$301.95,TRAVEL: CAR RENTAL [AMEX: SB23.230980]
SB23,ORG,"MICHAEL COLEMAN, LLC",Ill.,Jan. 9,$300.00,PRINTING AND DESIGN SERVICES
SB23,ORG,RCQ HOTEL,Calif.,Jan. 5,$298.00,TRAVEL: LODGING [AMEX: SB23.230980]
SB23,ORG,CLUB QUARTERS,N.Y.,Jan. 21,$298.00,TRAVEL: LODGING [AMEX: SB23.230980]
SB23,ORG,MARRIOTT HOTELS,Md.,"Dec. 19, 2016",$297.60,TRAVEL: LODGING [AMEX: SB23.230980]
SB23,ORG,LA ROSA PIZZERIA,Iowa,"Dec. 1, 2016",$297.20,MEETING EXPENSE: MEALS [SB23.231010]
SB23,ORG,NATIONAL CAR RENTAL,Mo.,"Dec. 4, 2016",$296.62,TRAVEL: CAR RENTAL [AMEX: SB23.230980]
SB23,ORG,UNITED AIRLINES,Ill.,"Dec. 13, 2016",$294.60,TRAVEL: AIR [AMEX: SB23.230980]
SB23,ORG,HOTELS.COM,Tex.,"Dec. 12, 2016",$294.60,TRAVEL: LODGING [AMEX: SB23.230980]
SB23,ORG,AMERICAN AIRLINES,Tex.,"Dec. 6, 2016",$290.60,TRAVEL: AIR [AMEX: SB23.230980]
SB23,ORG,HOTELS.COM,Tex.,Jan. 17,$289.71,TRAVEL: LODGING [AMEX: SB23.230980]
SB23,ORG,FEDEX,Tenn.,"Dec. 16, 2016",$289.65,DELIVERY SERVICES [AMEX: SB23.230979]
SB23,ORG,ENTERPRISE RENT-A-CAR,Mo.,"Dec. 18, 2016",$287.94,TRAVEL: CAR RENTAL [AMEX: SB23.230980]
SB23,ORG,STRIPE,Calif.,Feb. 3,$285.00,MERCHANT FEE
SB23,IND,"HARRIS, AUSTIN",Iowa,Feb. 17,$284.04,REIMBURSEMENT: ITEMIZATION BELOW IF REQUIRED
SB23,IND,"HARRIS, AUSTIN",Iowa,Feb. 17,$284.04,TRAVEL: MILEAGE [SB23.230996]
SB23,ORG,WCCC,Pa.,Jan. 11,$282.40,FACILITY RENTAL
SB23,ORG,HOTELS.COM,Tex.,"Nov. 28, 2016",$281.82,TRAVEL: LODGING [AMEX: SB23.230980]
SB23,ORG,AMERICAN AIRLINES,Tex.,"Dec. 12, 2016",$281.10,TRAVEL: AIR [AMEX: SB23.230980]
SB23,ORG,HERTZ CAR RENTAL,N.J.,"Dec. 2, 2016",$280.32,TRAVEL: CAR RENTAL [AMEX: SB23.230980]
SB23,ORG,AMTRAK,D.C.,"Dec. 3, 2016",$280.00,TRAVEL: RAIL [AMEX: SB23.230980]
SB23,ORG,AMTRAK,D.C.,Jan. 12,$280.00,TRAVEL: RAIL [AMEX: SB23.230980]
SB23,ORG,AMTRAK,D.C.,Jan. 10,$280.00,TRAVEL: RAIL [AMEX: SB23.230979]
SB23,ORG,AMTRAK,D.C.,Jan. 3,$280.00,TRAVEL: RAIL [AMEX: SB23.230980]
SB23,ORG,AMTRAK,D.C.,"Dec. 19, 2016",$280.00,TRAVEL: RAIL [AMEX: SB23.230980]
SB23,ORG,HILTON HOTELS,Va.,"Dec. 29, 2016",$278.88,TRAVEL: LODGING [AMEX: SB23.230979]
SB23,ORG,HILTON HOTELS,Va.,"Dec. 29, 2016",$278.88,TRAVEL: LODGING [AMEX: SB23.230979]
SB23,ORG,HILTON HOTELS,Va.,"Dec. 29, 2016",$278.88,TRAVEL: LODGING [AMEX: SB23.230979]
SB23,ORG,HILTON HOTELS,Va.,"Dec. 29, 2016",$278.88,TRAVEL: LODGING [AMEX: SB23.230979]
SB23,ORG,HILTON HOTELS,Va.,"Dec. 29, 2016",$278.88,TRAVEL: LODGING [AMEX: SB23.230979]
SB23,ORG,DELTA AIRLINES,Ga.,"Dec. 14, 2016",$278.60,TRAVEL: AIR [AMEX: SB23.230980]
SB23,ORG,HOTELS.COM,Tex.,"Nov. 29, 2016",$278.42,TRAVEL: LODGING [AMEX: SB23.230980]
SB23,ORG,ENTERPRISE RENT-A-CAR,Mo.,"Dec. 16, 2016",$278.14,TRAVEL: CAR RENTAL [AMEX: SB23.230980]
SB23,ORG,DELTA AIRLINES,Ga.,"Nov. 30, 2016",$277.60,TRAVEL: AIR [AMEX: SB23.230980]
SB23,ORG,UNITED AIRLINES,Ill.,"Dec. 10, 2016",$277.60,TRAVEL: AIR [AMEX: SB23.230980]
SB23,ORG,UNITED AIRLINES,Ill.,"Dec. 14, 2016",$277.10,TRAVEL: AIR [AMEX: SB23.230980]
SB23,ORG,FEDEX,Tenn.,"Dec. 1, 2016",$276.83,DELIVERY SERVICES [AMEX: SB23.230980]
SB23,ORG,HOTELS.COM,Tex.,"Dec. 2, 2016",$276.40,TRAVEL: LODGING [AMEX: SB23.230980]
SB23,ORG,AMERICAN AIRLINES,Tex.,"Dec. 9, 2016",$275.60,TRAVEL: AIR [AMEX: SB23.230980]
SB23,ORG,AMTRAK,D.C.,"Dec. 22, 2016",$275.00,TRAVEL: RAIL [AMEX: SB23.230980]
SB23,ORG,AMTRAK,D.C.,Jan. 5,$275.00,TRAVEL: RAIL [AMEX: SB23.230980]
SB23,ORG,FEDEX,Tenn.,"Dec. 1, 2016",$274.93,DELIVERY SERVICES [AMEX: SB23.230979]
SB23,ORG,HOTELS.COM,Tex.,"Dec. 8, 2016",$274.20,TRAVEL: LODGING [AMEX: SB23.230980]
SB23,ORG,AMTRAK,D.C.,"Dec. 7, 2016",$274.00,TRAVEL: RAIL [AMEX: SB23.230980]
SB23,ORG,AMTRAK,D.C.,Jan. 24,$272.00,TRAVEL: RAIL [AMEX: SB23.230980]
SB23,ORG,INSPERITY,Tex.,Jan. 31,$271.97,PAYROLL TAXES/FEES
SB23,ORG,HILTON HOTELS,Va.,Jan. 3,$271.53,TRAVEL: LODGING [AMEX: SB23.230979]
SB23,ORG,INTERCONTINENTAL,Wis.,"Nov. 30, 2016",$269.94,TRAVEL: LODGING [AMEX: SB23.230980]
SB23,ORG,AMERICAN AIRLINES,Tex.,"Dec. 4, 2016",$269.10,TRAVEL: AIR [AMEX: SB23.230980]
SB23,ORG,AMERICAN AIRLINES,Tex.,"Nov. 30, 2016",$266.50,TRAVEL: AIR [AMEX: SB23.230980]
SB23,ORG,FEDEX,Tenn.,"Dec. 9, 2016",$266.49,DELIVERY SERVICES [AMEX: SB23.230979]
SB23,ORG,COMMUNICATIONS CORPORATION OF AMERICA,Va.,Jan. 25,$264.65,POSTAGE EXPENSE
SB23,ORG,HOTELS.COM,Tex.,"Dec. 15, 2016",$263.65,TRAVEL: LODGING [AMEX: SB23.230980]
SB23,ORG,HOTELS.COM,Tex.,Jan. 18,$262.76,TRAVEL: LODGING [AMEX: SB23.230980]
SB23,ORG,DELTA AIRLINES,Ga.,"Dec. 2, 2016",$261.60,TRAVEL: AIR [AMEX: SB23.230980]
SB23,ORG,NATIONAL CAR RENTAL,Mo.,"Dec. 10, 2016",$261.30,TRAVEL: CAR RENTAL [AMEX: SB23.230980]
SB23,ORG,"ACE SPECIALTIES, LLC",La.,Feb. 15,$261.19,COLLATERAL: TSHIRTS/MUGS/STICKERS/FREIGHT
SB23,ORG,AMERICAN AIRLINES,Tex.,"Nov. 28, 2016",$261.10,TRAVEL: AIR [AMEX: SB23.230980]
SB23,ORG,AMERICAN AIRLINES,Tex.,"Dec. 2, 2016",$260.20,TRAVEL: AIR [AMEX: SB23.230980]
SB23,ORG,AMERICAN AIRLINES,Tex.,"Nov. 29, 2016",$260.10,TRAVEL: AIR [AMEX: SB23.230980]
SB23,ORG,AMERICAN AIRLINES,Tex.,"Dec. 3, 2016",$260.10,TRAVEL: AIR [AMEX: SB23.230980]
SB23,ORG,UBER,Calif.,Jan. 13,$259.50,TRAVEL: GROUND TRANSPORTATION [AMEX: SB23.230979]
SB23,ORG,HOTELS.COM,Tex.,"Nov. 29, 2016",$259.07,TRAVEL: LODGING [AMEX: SB23.230980]
SB23,ORG,FOGO DE CHAO,N.Y.,"Oct. 1, 2016",$258.96,MEETING EXPENSE: MEALS [SB23.230985]
SB23,ORG,GO EXPRESS,N.Y.,Jan. 9,$258.69,DELIVERY SERVICES
SB23,ORG,SUNNYS EXECUTIVE SEDAN SERVICES,Va.,"Dec. 8, 2016",$256.20,TRAVEL: GROUND TRANSPORTATION [AMEX: SB23.230980]
SB23,ORG,HOTELS.COM,Tex.,Jan. 10,$255.23,TRAVEL: LODGING [AMEX: SB23.230980]
SB23,ORG,DELTA AIRLINES,Ga.,"Dec. 18, 2016",$255.10,TRAVEL: AIR [AMEX: SB23.230980]
SB23,ORG,STRIPE,Calif.,Jan. 9,$255.00,MERCHANT FEE
SB23,ORG,STRIPE,Calif.,March 3,$255.00,MERCHANT FEE
SB23,ORG,STRIPE,Calif.,Feb. 21,$255.00,MERCHANT FEE
SB23,ORG,STRIPE,Calif.,March 7,$255.00,MERCHANT FEE
SB23,ORG,DELTA AIRLINES,Ga.,"Dec. 15, 2016",$253.60,TRAVEL: AIR [AMEX: SB23.230980]
SB23,ORG,TIME WARNER CABLE,N.Y.,"Nov. 29, 2016",$252.72,BROADBAND SERVICES [AMEX: SB23.230980]
SB23,ORG,AMERICAN AIRLINES,Tex.,"Dec. 17, 2016",$250.10,TRAVEL: AIR [AMEX: SB23.230980]
SB23,ORG,ZOHO CORP,Calif.,"Dec. 15, 2016",$250.00,SOFTWARE SERVICES [AMEX: SB23.230979]
SB23,ORG,XMARK LLC,S.C.,Feb. 24,$249.61,SECURITY SERVICES
SB23,ORG,HOTELS.COM,Tex.,"Dec. 16, 2016",$249.02,TRAVEL: LODGING [AMEX: SB23.230980]
SB23,ORG,AMTRAK,D.C.,Jan. 12,$249.00,TRAVEL: RAIL [AMEX: SB23.230980]
SB23,ORG,FEDEX,Tenn.,"Dec. 28, 2016",$248.37,DELIVERY SERVICES [AMEX: SB23.230980]
SB23,ORG,AMERICAN AIRLINES,Tex.,"Dec. 9, 2016",$245.10,TRAVEL: AIR [AMEX: SB23.230980]
SB23,ORG,UBER,Calif.,"Nov. 18, 2016",$245.01,TRAVEL: GROUND TRANSPORTATION [SB23.230994]
SB23,ORG,HERTZ CAR RENTAL,N.J.,"Dec. 6, 2016",$244.77,TRAVEL: CAR RENTAL [AMEX: SB23.230980]
SB23,ORG,HERTZ CAR RENTAL,N.J.,"Dec. 6, 2016",$242.79,TRAVEL: CAR RENTAL [AMEX: SB23.230980]
SB23,ORG,JETBLUE AIRWAYS,N.Y.,"Dec. 19, 2016",$241.10,TRAVEL: AIR [AMEX: SB23.230980]
SB23,ORG,DELTA AIRLINES,Ga.,"Nov. 29, 2016",$240.60,TRAVEL: AIR [AMEX: SB23.230980]
SB23,ORG,MAILCHIMP,Ga.,"Dec. 3, 2016",$240.00,EMAIL SERVICES [AMEX: SB23.230979]
SB23,ORG,MAILCHIMP,Ga.,Jan. 3,$240.00,EMAIL SERVICES [AMEX: SB23.230979]
SB23,ORG,AMAZON,Wash.,Jan. 9,$239.47,OFFICE SUPPLIES [AMEX: SB23.230980]
SB23,ORG,AMTRAK,D.C.,"Dec. 1, 2016",$239.00,TRAVEL: RAIL [AMEX: SB23.230980]
SB23,ORG,CANVA FOR WORK,ZZ,"Dec. 22, 2016",$238.80,SOFTWARE SUBSCRIPTION [AMEX: SB23.230979]
SB23,ORG,ENTERPRISE RENT-A-CAR,Mo.,"Dec. 18, 2016",$238.70,TRAVEL: CAR RENTAL [AMEX: SB23.230980]
SB23,ORG,DELTA AIRLINES,Ga.,"Dec. 11, 2016",$237.60,TRAVEL: AIR [AMEX: SB23.230980]
SB23,ORG,NATIONAL CAR RENTAL,Mo.,"Dec. 16, 2016",$234.21,TRAVEL: CAR RENTAL [AMEX: SB23.230980]
SB23,ORG,TIME WARNER CABLE,N.Y.,Jan. 6,$233.78,BROADBAND SERVICES [AMEX: SB23.230980]
SB23,ORG,CALI-FAME,Calif.,March 17,$231.75,COLLATERAL: TSHIRTS/MUGS/STICKERS/FREIGHT
SB23,ORG,GREATER COLUMBUS CONVENTION CENTER,Ohio,"Dec. 28, 2016",$230.74,FACILITY RENTAL [AMEX: SB23.230979]
SB23,ORG,LAGUARDIA AIRPORT,N.Y.,"Sept. 30, 2016",$230.00,PARKING SERVICES [SB23.231015]
SB23,ORG,UBER,Calif.,Jan. 6,$228.33,TRAVEL: GROUND TRANSPORTATION [AMEX: SB23.230979]
SB23,ORG,UBER,Calif.,"Dec. 12, 2016",$228.28,TRAVEL: GROUND TRANSPORTATION [AMEX: SB23.230979]
SB23,ORG,AMERICAN AIRLINES,Tex.,Jan. 16,$228.20,TRAVEL: AIR [AMEX: SB23.230980]
SB23,ORG,AMERICAN AIRLINES,Tex.,Jan. 12,$228.20,TRAVEL: AIR [AMEX: SB23.230980]
SB23,ORG,AMERICAN AIRLINES,Tex.,Jan. 16,$228.20,TRAVEL: AIR [AMEX: SB23.230980]
SB23,ORG,AVIS,N.J.,"Dec. 11, 2016",$227.94,TRAVEL: CAR RENTAL [AMEX: SB23.230980]
SB23,ORG,DELTA AIRLINES,Ga.,"Dec. 9, 2016",$227.60,TRAVEL: AIR [AMEX: SB23.230980]
SB23,ORG,DELTA AIRLINES,Ga.,"Dec. 16, 2016",$227.60,TRAVEL: AIR [AMEX: SB23.230980]
SB23,ORG,CAPRICORN LIMOUSINE,N.Y.,Jan. 3,$226.80,TRAVEL: GROUND TRANSPORTATION [AMEX: SB23.230979]
SB23,ORG,AMERICAN AIRLINES,Tex.,"Dec. 18, 2016",$225.10,TRAVEL: AIR [AMEX: SB23.230980]
SB23,ORG,STRIPE,Calif.,March 10,$225.00,MERCHANT FEE
SB23,IND,"BANKS, SHELLY",Iowa,Jan. 12,$225.00,EVENT STAGING EXPENSE
SB23,ORG,AMERICAN AIRLINES,Tex.,"Dec. 17, 2016",$224.10,TRAVEL: AIR [AMEX: SB23.230980]
SB23,ORG,HILTON,Tenn.,March 15,$223.92,TRAVEL: LODGING [SB23.453285]
SB23,ORG,AMTRAK,D.C.,Jan. 26,$223.00,TRAVEL: RAIL [AMEX: SB23.230980]
SB23,ORG,COURTYARD MARRIOTT,Fla.,Feb. 19,$222.88,TRAVEL: LODGING [SB23.453210]
SB23,ORG,FEDEX,Tenn.,"Dec. 30, 2016",$222.53,DELIVERY SERVICES [AMEX: SB23.230979]
SB23,ORG,SPECIAL OCCASIONS RENTAL,Iowa,Nov. 1,$222.50,EQUIPMENT RENTAL [SB23.230991]
SB23,IND,"ROSE, ROBERT",Fla.,March 2,$222.28,REIMBURSEMENT: ITEMIZATION BELOW IF REQUIRED
SB23,ORG,DELTA AIRLINES,Ga.,"Dec. 20, 2016",$222.10,TRAVEL: AIR [AMEX: SB23.230980]
SB23,ORG,UNITED AIRLINES,Ill.,"Dec. 5, 2016",$222.10,TRAVEL: AIR [AMEX: SB23.230980]
SB23,ORG,CROWNE PLAZA,N.Y.,"Dec. 6, 2016",$220.37,TRAVEL: LODGING [AMEX: SB23.230980]
SB23,ORG,CROWNE PLAZA,N.Y.,"Dec. 6, 2016",$220.37,TRAVEL: LODGING [AMEX: SB23.230980]
SB23,ORG,AMERICAN AIRLINES,Tex.,"Dec. 14, 2016",$220.10,TRAVEL: AIR [AMEX: SB23.230980]
SB23,ORG,AMERICAN AIRLINES,Tex.,"Dec. 13, 2016",$220.10,TRAVEL: AIR [AMEX: SB23.230980]
SB23,ORG,AMTRAK,D.C.,"Dec. 30, 2016",$220.00,TRAVEL: RAIL [AMEX: SB23.230980]
SB23,ORG,THE TRUMP BAR,N.Y.,"Oct. 25, 2016",$216.38,MEETING EXPENSE: MEALS [SB23.231014]
SB23,ORG,NATIONAL CAR RENTAL,Mo.,"Dec. 17, 2016",$215.72,TRAVEL: CAR RENTAL [AMEX: SB23.230980]
SB23,ORG,AVIS,N.J.,"Dec. 6, 2016",$213.71,TRAVEL: CAR RENTAL [AMEX: SB23.230980]
SB23,ORG,ENTERPRISE RENT-A-CAR,Mo.,"Dec. 10, 2016",$213.31,TRAVEL: CAR RENTAL [AMEX: SB23.230980]
SB23,ORG,FEDEX,Tenn.,Jan. 10,$212.19,DELIVERY SERVICES [AMEX: SB23.230980]
SB23,ORG,ENTERPRISE RENT-A-CAR,Mo.,"Dec. 9, 2016",$211.30,TRAVEL: CAR RENTAL [AMEX: SB23.230980]
SB23,ORG,STRIPE,Calif.,Jan. 17,$210.00,MERCHANT FEE
SB23,ORG,HERTZ CAR RENTAL,N.J.,"Dec. 2, 2016",$209.63,TRAVEL: CAR RENTAL [AMEX: SB23.230980]
SB23,ORG,SUNNYS EXECUTIVE SEDAN SERVICES,Va.,"Dec. 14, 2016",$208.90,TRAVEL: GROUND TRANSPORTATION [AMEX: SB23.230980]
SB23,ORG,AMERICAN AIRLINES,Tex.,"Dec. 9, 2016",$208.60,TRAVEL: AIR [AMEX: SB23.230980]
SB23,ORG,AMERICAN AIRLINES,Tex.,"Nov. 28, 2016",$208.10,TRAVEL: AIR [AMEX: SB23.230980]
SB23,ORG,AMTRAK,D.C.,Jan. 11,$206.00,TRAVEL: RAIL [AMEX: SB23.230980]
SB23,ORG,HOTELS.COM,Tex.,"Dec. 6, 2016",$204.24,TRAVEL: LODGING [AMEX: SB23.230980]
SB23,ORG,AMERICAN AIRLINES,Tex.,"Dec. 1, 2016",$204.10,TRAVEL: AIR [AMEX: SB23.230980]
SB23,ORG,SUNNYS EXECUTIVE SEDAN SERVICES,Va.,"Dec. 12, 2016",$203.39,TRAVEL: GROUND TRANSPORTATION [AMEX: SB23.230980]
SB23,ORG,AVIS,N.J.,"Dec. 11, 2016",$203.02,TRAVEL: CAR RENTAL [AMEX: SB23.230980]
SB23,ORG,SOUTHWEST AIRLINES,Tex.,"Dec. 11, 2016",$202.84,TRAVEL: AIR [AMEX: SB23.230980]
SB23,ORG,MARRIOTT HOTELS,Md.,"Dec. 13, 2016",$202.74,TRAVEL: LODGING [AMEX: SB23.230980]
SB23,ORG,ENTERPRISE RENT-A-CAR,Mo.,"Dec. 19, 2016",$202.47,TRAVEL: CAR RENTAL [AMEX: SB23.230980]
SB23,ORG,AMERICAN AIRLINES,Tex.,"Dec. 12, 2016",$202.10,TRAVEL: AIR [AMEX: SB23.230980]
SB23,ORG,AMERICAN AIRLINES,Tex.,"Nov. 29, 2016",$202.10,TRAVEL: AIR [AMEX: SB23.230980]
SB23,ORG,UNITED AIRLINES,Ill.,"Nov. 29, 2016",$200.00,TRAVEL: AIR [AMEX: SB23.230980]
SB23,ORG,UNITED AIRLINES,Ill.,"Nov. 29, 2016",$200.00,TRAVEL: AIR [AMEX: SB23.230980]
SB23,ORG,UNITED AIRLINES,Ill.,"Nov. 29, 2016",$200.00,TRAVEL: AIR [AMEX: SB23.230980]
SB23,ORG,AMERICAN AIRLINES,Tex.,"Dec. 11, 2016",$200.00,TRAVEL: AIR [AMEX: SB23.230980]
SB23,ORG,STRIPE,Calif.,March 27,$195.00,MERCHANT FEE
SB23,ORG,STRIPE,Calif.,Feb. 27,$195.00,MERCHANT FEE
SB23,ORG,STRIPE,Calif.,March 6,$195.00,MERCHANT FEE
SB23,IND,"BOYD, CHARLTON",N.Y.,Jan. 17,$190.00,PAYROLL
SB23,ORG,BANK OF AMERICA,Mass.,Feb. 1,$180.30,BANK FEES
SB23,ORG,STRIPE,Calif.,March 20,$180.00,MERCHANT FEE
SB23,ORG,STRIPE,Calif.,Feb. 24,$180.00,MERCHANT FEE
SB23,ORG,CT CORPORATION,Ill.,Feb. 17,$164.45,REGISTERED AGENT FEE
SB23,ORG,CT CORPORATION,Ill.,Jan. 9,$162.80,REGISTERED AGENT FEE
SB23,IND,"O'DWYER, WILLIAM RYAN",La.,Jan. 13,$160.70,REIMBURSEMENT: ITEMIZATION BELOW IF REQUIRED
SB23,ORG,STRIPE,Calif.,March 13,$150.00,MERCHANT FEE
SB23,ORG,STRIPE,Calif.,Feb. 21,$150.00,MERCHANT FEE
SB23,ORG,STRIPE,Calif.,Jan. 30,$120.00,MERCHANT FEE
SB23,ORG,STRIPE,Calif.,March 27,$105.00,MERCHANT FEE
SB23,ORG,STRIPE,Calif.,March 13,$105.00,MERCHANT FEE
SB23,ORG,"ACE SPECIALTIES, LLC",La.,March 13,$100.12,COLLATERAL: TSHIRTS/MUGS/STICKERS/FREIGHT
SB23,ORG,AMERICAN AIRLINES,Tex.,"Nov. 27, 2016",$100.00,TRAVEL: AIR [SB23.230994]
SB23,ORG,RED CURVE SOLUTIONS,Mass.,Feb. 3,$94.92,POSTAGE
SB23,ORG,INSPERITY,Tex.,Jan. 17,$91.96,PAYROLL TAXES/FEES
SB23,ORG,STRIPE,Calif.,Jan. 20,$90.00,MERCHANT FEE
SB23,ORG,PIRYX,Calif.,Jan. 27,$78.00,MERCHANT FEE
SB23,ORG,"ACE SPECIALTIES, LLC",La.,March 24,$77.05,COLLATERAL: TSHIRTS/MUGS/STICKERS/FREIGHT
SB23,ORG,STRIPE,Calif.,Jan. 11,$75.00,MERCHANT FEE
SB23,ORG,STRIPE,Calif.,Feb. 10,$75.00,MERCHANT FEE
SB23,ORG,INSPERITY,Tex.,Jan. 9,$71.58,PAYROLL TAXES/FEES
SB23,ORG,STRIPE,Calif.,Jan. 12,$60.00,MERCHANT FEE
SB23,ORG,STRIPE,Calif.,March 17,$60.00,MERCHANT FEE
SB23,ORG,STRIPE,Calif.,Feb. 22,$60.00,MERCHANT FEE
SB23,ORG,STRIPE,Calif.,March 31,$45.00,MERCHANT FEE
SB23,ORG,STRIPE,Calif.,March 8,$45.00,MERCHANT FEE
SB23,ORG,STRIPE,Calif.,March 6,$45.00,MERCHANT FEE
SB23,ORG,FEDEX,Tex.,Feb. 17,$31.81,DELIVERY SERVICES
SB23,ORG,STRIPE,Calif.,Feb. 15,$30.00,MERCHANT FEE
SB23,ORG,STRIPE,Calif.,March 20,$30.00,MERCHANT FEE
SB23,ORG,STRIPE,Calif.,March 1,$30.00,MERCHANT FEE
SB23,ORG,STRIPE,Calif.,Jan. 18,$30.00,MERCHANT FEE
SB23,ORG,BANK OF AMERICA,Mass.,March 1,$30.00,BANK FEES
SB23,ORG,PIRYX,Calif.,March 9,$29.00,MERCHANT FEE
SB23,ORG,FEDEX,Tex.,Jan. 25,$19.46,DELIVERY SERVICES
SB23,ORG,STRIPE,Calif.,Jan. 25,$15.00,MERCHANT FEE
SB23,ORG,STRIPE,Calif.,Feb. 10,$15.00,MERCHANT FEE
SB23,ORG,STRIPE,Calif.,March 29,$15.00,MERCHANT FEE
SB23,ORG,STRIPE,Calif.,Jan. 25,$11.40,MERCHANT FEE
SB23,ORG,PIRYX,Calif.,March 9,$10.00,MERCHANT FEE
SB23,ORG,PIRYX,Calif.,Feb. 8,$7.77,MERCHANT FEE
SB23,ORG,PIRYX,Calif.,Feb. 21,$7.14,MERCHANT FEE
SB23,ORG,PIRYX,Calif.,March 21,$6.30,MERCHANT FEE
SB23,ORG,PIRYX,Calif.,Feb. 14,$5.25,MERCHANT FEE
SB23,ORG,PIRYX,Calif.,Feb. 10,$5.25,MERCHANT FEE
SB23,ORG,PIRYX,Calif.,March 14,$4.41,MERCHANT FEE
SB23,ORG,PIRYX,Calif.,March 10,$3.78,MERCHANT FEE
SB23,ORG,PIRYX,Calif.,March 7,$1.47,MERCHANT FEE
SB23,ORG,PIRYX,Calif.,March 7,$1.47,MERCHANT FEE
SB23,ORG,PIRYX,Calif.,Feb. 16,$1.05,MERCHANT FEE
SB23,ORG,PIRYX,Calif.,March 29,$0.42,MERCHANT FEE
SB23,ORG,PIRYX,Calif.,March 1,$0.42,MERCHANT FEE
SB23,ORG,PRINT NEW HAMPSHIRE,N.H.,Feb. 21,-$59.25,VOIDED CHECK: OVERPAYMENT
SB23,ORG,ALLEGRA PRINT & IMAGING,Ohio,Feb. 21,-$196.89,VOIDED CHECK: OVERPAYMENT
SB23,IND,"HILL, THERESA M",Fla.,Feb. 21,-$250.00,VOIDED CHECK: OVERPAYMENT
SB23,ORG,TIME WARNER CABLE BUSINESS CLASS,N.Y.,Feb. 17,-$252.72,VOIDED CHECK: OVERPAYMENT
SB23,IND,"SLOMKOWSKI, ERICK",Mich.,Feb. 21,-$256.05,VOIDED CHECK: OVERPAYMENT
SB23,ORG,HUGHIE'S EVENT PRODUCTION SERVICES,Pa.,Feb. 21,-$313.20,VOIDED CHECK: OVERPAYMENT
SB23,ORG,"FRED RICCI TOOL CO., INC",R.I.,Feb. 21,-$393.75,VOIDED CHECK: OVERPAYMENT
SB23,ORG,THE TRUMP CORPORATION,N.Y.,Feb. 21,-$428.53,VOIDED CHECK: SERVICES NOT RENDERED
SB23,ORG,IDAHO REPUBLICAN PARTY,Idaho,Feb. 21,-$500.00,VOIDED CHECK: OVERPAYMENT
SB23,ORG,"MANUFACTURING METHODS, LLC",N.C.,Feb. 21,-$750.00,VOIDED CHECK: OVERPAYMENT
SB23,ORG,TRUMP ICE LLC,N.Y.,Feb. 21,-$828.26,VOIDED CHECK: OVERPAYMENT
SB23,ORG,BOB GOODBLATTE FOR CONGRESS COMMITTEE,Va.,Feb. 21,-$900.00,VOIDED CHECK: OVERPAYMENT
SB23,ORG,ARROW SECURITY,Ill.,Feb. 21,-$933.50,VOIDED CHECK: OVERPAYMENT
SB23,ORG,FITZGERALD PETERBILT OF BRISTOL LLC,Va.,Feb. 21,"-$1,000.00",VOIDED CHECK: OVERPAYMENT
SB23,IND,"MONTANARO, ZACH",N.H.,Feb. 21,"-$1,047.71",VOIDED CHECK: OVERPAYMENT
SB23,ORG,HUGHIE'S EVENT PRODUCTION SERVICES,Pa.,Feb. 21,"-$1,797.60",VOIDED CHECK: OVERPAYMENT
SB23,ORG,UW-LA CROSSE,Wis.,Feb. 21,"-$1,904.00",VOIDED CHECK: SERVICES NOT RENDERED
SB23,IND,"PLANS, BARRY",Fla.,Feb. 21,"-$1,904.92",VOIDED CHECK: OVERPAYMENT
SB23,ORG,"CITY OF PENSACOLA, DEPARTMENT OF PARKS AND RECREATION",Fla.,Feb. 21,"-$2,069.38",VOIDED CHECK: SERVICES NOT RENDERED
SB23,ORG,CENTURY II PERFORMING ARTS AND CONVENTION CENTER,Kan.,Feb. 21,"-$2,215.00",VOIDED CHECK: OVERPAYMENT
SB23,ORG,"USAERO, LLC",Colo.,March 6,"-$2,335.82",VOIDED CHECK: SERVICES NOT RENDERED
SB23,IND,"HARRIS, W KIRK",Va.,Feb. 21,"-$2,350.00",VOIDED CHECK: OVERPAYMENT
SB28A,IND,"TREVORROW, KATHLEEN",Pa.,March 31,"-$2,452.51",VOIDED CHECK: REFUND ISSUED IN ERROR
SB28A,IND,"TREVORROW, THOMAS",Pa.,March 31,"-$2,600.00",VOIDED CHECK: REFUND ISSUED IN ERROR
SB23,ORG,SUN CENTER STUDIOS CORP,Pa.,Feb. 21,"-$3,434.36",VOIDED CHECK: OVERPAYMENT
SB23,ORG,THE UNIVERSITY OF NORTH CAROLINA WILMINGTON,N.C.,Feb. 21,"-$3,899.75",VOIDED CHECK: OVERPAYMENT
SB23,ORG,COUNTY OF SUMTER,S.C.,Feb. 21,"-$4,000.00",VOIDED CHECK: SERVICES NOT RENDERED
SB23,ORG,"RICHMOND INTERNATIONAL RACEWAY, INC",Va.,Feb. 21,"-$4,425.04",VOIDED CHECK: OVERPAYMENT
SB23,ORG,WASHINGTON COUNTY FAIR PARK,Wis.,Feb. 21,"-$4,585.90",VOIDED CHECK: SERVICES NOT RENDERED
SB23,ORG,DRAKE UNIVERSITY,Iowa,Feb. 21,"-$5,000.00",VOIDED CHECK: SERVICES NOT RENDERED
SB23,ORG,WAUKESHA COUNTY EXPOSITION CENTER,Wis.,Feb. 21,"-$5,000.03",VOIDED CHECK: OVERPAYMENT
SB23,IND,"GRIFFITH, PRESTON WELLS",Va.,Feb. 21,"-$5,463.57",VOIDED CHECK: OVERPAYMENT
SB23,ORG,ROCK SPRINGS CENTER,N.C.,Feb. 21,"-$6,033.95",VOIDED CHECK: OVERPAYMENT
SB23,ORG,PARTY SUPPLIERS AND RENTALS,N.C.,Feb. 21,"-$7,745.73",VOIDED CHECK: OVERPAYMENT
SB23,IND,"AHEARN, FREDERICK L",Va.,Feb. 21,"-$10,848.00",VOIDED CHECK: OVERPAYMENT
SB23,ORG,"PITCOCK CONSULTING, LLC",D.C.,Feb. 21,"-$11,612.90",VOIDED CHECK: SERVICES NOT RENDERED
SB23,IND,"GRIFFITH, PRESTON WELLS",Va.,Feb. 21,"-$12,000.00",VOIDED CHECK: OVERPAYMENT
SB23,ORG,"ADVANCE STRATEGIES, LLC",Va.,Feb. 21,"-$12,373.20",VOIDED CHECK: SERVICES NOT RENDERED
SB23,IND,"SCOTT, ROBERT L",Ohio,Feb. 21,"-$14,194.10",VOIDED CHECK: OVERPAYMENT
SB23,ORG,RENO - SPARKS CONVENTION CENTER,Nev.,Feb. 21,"-$27,620.00",VOIDED CHECK: OVERPAYMENT
SB23,ORG,WNC AGRICULTURAL CENTER,N.C.,Feb. 21,"-$28,732.00",VOIDED CHECK: OVERPAYMENT
SB23,ORG,JHE PRODUCTION GROUP,N.C.,Feb. 21,"-$34,000.00",VOIDED CHECK: SERVICES NOT RENDERED
